ts,tns,target_x,target_y,target_z,inter_x,inter_y,inter_z,target_v,inter_vx,inter_vy,inter_vz,inter_v,inter_g_yaw_rate,inter_g_yaw_rate,inter_g_yaw,yolo_x,yolo_y,yolo_depth,gimbal_neut,inter_pitch,inter_yaw
0,449289798,0.0,0.0,-0.027,0.0,0.0,-0.038,0.0,0.0,0.0,0.0,0.0,-0.001949,-0.001949,-4.18976e-05,0,0,0.0,0,-0.00036485370947061,3.085492448010717
0,460876941,0.0,0.0,-0.027,0.0,0.0,-0.038,0.0,0.0,0.0,0.0,0.0,-0.001949,-0.001949,-4.18976e-05,0,0,0.0,0,-0.00036485370947061,3.085492448010717
0,480754137,0.0,0.0,-0.027,0.0,0.0,-0.038,0.0,0.0,0.0,0.0,0.0,-0.001949,-0.001949,-4.18976e-05,0,0,0.0,0,-0.00036485370947061,3.085492448010717
0,492479085,0.0,0.0,-0.027,0.0,0.0,-0.038,0.0,0.0,0.0,0.0,0.0,-0.001949,-0.001949,-4.21367e-05,0,0,0.0,0,-0.00036485370947061,3.085492448010717
0,509570121,0.0,0.0,-0.027,0.0,0.0,-0.038,0.0,0.0,0.0,0.0,0.0,-0.001949,-0.001949,-4.21367e-05,0,0,0.0,0,-0.00036663271021110844,3.08386750618485
0,527734518,0.0,0.0,-0.027,0.0,0.0,-0.038,0.0,0.0,0.0,0.0,0.0,-0.001949,-0.001949,-4.21367e-05,0,0,0.0,0,-0.00036663271021110844,3.08386750618485
0,547828435,0.0,0.0,-0.027,0.0,0.0,-0.038,0.0,0.0,0.0,0.0,0.0,-0.001949,-0.001949,-4.21367e-05,0,0,0.0,0,-0.00036663271021110844,3.08386750618485
0,560649156,0.0,0.0,-0.027,0.0,0.0,-0.038,0.0,0.0,0.0,0.0,0.0,-0.001949,-0.001949,-4.21367e-05,0,0,0.0,0,-0.00036663271021110844,3.08386750618485
0,578363656,0.0,0.0,-0.027,0.0,0.0,-0.038,0.0,0.0,0.0,0.0,0.0,-0.001949,-0.001949,-4.21367e-05,0,0,0.0,0,-0.00036663271021110844,3.08386750618485
0,596971750,0.0,0.0,-0.027,0.0,0.0,-0.038,0.0,0.0,0.0,0.0,0.0,-0.001949,-0.001949,-4.23833e-05,0,0,0.0,0,-0.00036663271021110844,3.08386750618485
0,613464355,0.0,0.0,-0.027,0.0,0.0,-0.038,0.0,0.0,0.0,0.0,0.0,-0.001949,-0.001949,-4.23833e-05,0,0,0.0,0,-0.00036663271021110844,3.08386750618485
0,629938364,0.0,0.0,-0.027,0.0,0.0,-0.038,0.0,0.0,0.0,0.0,0.0,-0.001949,-0.001949,-4.23833e-05,0,0,0.0,0,-0.00036663271021110844,3.08386750618485
0,644465923,0.0,0.0,-0.027,0.0,0.0,-0.038,0.0,0.0,0.0,0.0,0.0,-0.001949,-0.001949,-4.23833e-05,0,0,0.0,0,-0.00036663271021110844,3.08386750618485
0,661808967,0.0,0.0,-0.027,0.0,0.0,-0.038,0.0,0.0,0.0,0.0,0.0,-0.001949,-0.001949,-4.23833e-05,0,0,0.0,0,-0.00036663271021110844,3.08386750618485
0,678372859,0.0,0.0,-0.027,0.0,0.0,-0.038,0.0,0.0,0.0,0.0,0.0,-0.001949,-0.001949,-4.23833e-05,0,0,0.0,0,-0.00036663271021110844,3.08386750618485
0,697118043,0.0,0.0,-0.027,0.0,0.0,-0.038,0.0,0.0,0.0,0.0,0.0,-0.001949,-0.001949,-4.23833e-05,0,0,0.0,0,-0.00036663271021110844,3.08386750618485
0,712740421,0.0,0.0,-0.027,0.0,0.0,-0.038,0.0,0.0,0.0,0.0,0.0,-0.001949,-0.001949,-4.26166e-05,0,0,0.0,0,-0.00036663271021110844,3.08386750618485
0,729876279,0.0,0.0,-0.027,0.0,0.0,-0.038,0.0,0.0,0.0,0.0,0.0,-0.001949,-0.001949,-4.26166e-05,0,0,0.0,0,-0.00036663271021110844,3.08386750618485
0,744931936,0.0,0.0,-0.027,0.0,0.0,-0.038,0.0,0.0,0.0,0.0,0.0,-0.001949,-0.001949,-4.26166e-05,0,0,0.0,0,-0.0003656981862151429,3.082350567975316
0,759458065,0.0,0.0,-0.027,0.0,0.0,-0.038,0.0,0.0,0.0,0.0,0.0,-0.001949,-0.001949,-4.26166e-05,0,0,0.0,0,-0.0003656981862151429,3.082350567975316
0,777565002,0.0,0.0,-0.027,0.0,0.0,-0.038,0.0,0.0,0.0,0.0,0.0,-0.001949,-0.001949,-4.26166e-05,0,0,0.0,0,-0.0003656981862151429,3.082350567975316
0,797142744,0.0,0.0,-0.027,0.0,0.0,-0.038,0.0,0.0,0.0,0.0,0.0,-0.001949,-0.001949,-4.26166e-05,0,0,0.0,0,-0.0003656981862151429,3.082350567975316
0,812603712,0.0,0.0,-0.027,0.0,0.0,-0.038,0.0,0.0,0.0,0.0,0.0,-0.001949,-0.001949,-4.28006e-05,0,0,0.0,0,-0.0003656981862151429,3.082350567975316
0,827412843,0.0,0.0,-0.027,0.0,0.0,-0.038,0.0,0.0,0.0,0.0,0.0,-0.001949,-0.001949,-4.28006e-05,0,0,0.0,0,-0.0003656981862151429,3.082350567975316
0,845420837,0.0,0.0,-0.027,0.0,0.0,-0.038,0.0,0.0,0.0,0.0,0.0,-0.001949,-0.001949,-4.28006e-05,0,0,0.0,0,-0.0003656981862151429,3.082350567975316
0,864821195,0.0,0.0,-0.027,0.0,0.0,-0.038,0.0,0.0,0.0,0.0,0.0,-0.001949,-0.001949,-4.28006e-05,0,0,0.0,0,-0.0003656981862151429,3.082350567975316
0,879258394,0.0,0.0,-0.027,0.0,0.0,-0.038,0.0,0.0,0.0,0.0,0.0,-0.001949,-0.001949,-4.28006e-05,0,0,0.0,0,-0.0003656981862151429,3.082350567975316
0,895849943,0.0,0.0,-0.027,0.0,0.0,-0.038,0.0,0.0,0.0,0.0,0.0,-0.001949,-0.001949,-4.28006e-05,0,0,0.0,0,-0.0003656981862151429,3.082350567975316
0,912718296,0.0,0.0,-0.027,0.0,0.0,-0.038,0.0,0.0,0.0,0.0,0.0,-0.001949,-0.001949,-4.30389e-05,0,0,0.0,0,-0.0003656981862151429,3.082350567975316
0,927228450,0.0,0.0,-0.027,0.0,0.0,-0.038,0.0,0.0,0.0,0.0,0.0,-0.001949,-0.001949,-4.30389e-05,0,0,0.0,0,-0.0003656981862151429,3.082350567975316
0,944818258,0.0,0.0,-0.027,0.0,0.0,-0.038,0.0,0.0,0.0,0.0,0.0,-0.001949,-0.001949,-4.30389e-05,0,0,0.0,0,-0.0003656981862151429,3.082350567975316
0,964831113,0.0,0.0,-0.027,0.0,0.0,-0.038,0.0,0.0,0.0,0.0,0.0,-0.001949,-0.001949,-4.30389e-05,0,0,0.0,0,-0.0003656981862151429,3.082350567975316
0,979757308,0.0,0.0,-0.027,0.0,0.0,-0.038,0.0,0.0,0.0,0.0,0.0,-0.001949,-0.001949,-4.30389e-05,0,0,0.0,0,-0.0003656981862151429,3.082350567975316
0,996824979,0.0,0.0,-0.027,0.0,0.0,-0.038,0.0,0.0,0.0,0.0,0.0,-0.001949,-0.001949,-4.30389e-05,0,0,0.0,0,-0.00037034682463867524,3.0812024633076525
1,11269330,0.0,0.0,-0.027,0.0,0.0,-0.038,0.0,0.0,0.0,0.0,0.0,-0.001949,-0.001949,-4.32847e-05,0,0,0.0,0,-0.00037034682463867524,3.0812024633076525
1,29986381,0.0,0.0,-0.027,0.0,0.0,-0.038,0.0,0.0,0.0,0.0,0.0,-0.001949,-0.001949,-4.32847e-05,0,0,0.0,0,-0.00037034682463867524,3.0812024633076525
1,43865680,0.0,0.0,-0.027,0.0,0.0,-0.038,0.0,0.0,0.0,0.0,0.0,-0.001949,-0.001949,-4.32847e-05,0,0,0.0,0,-0.00037034682463867524,3.0812024633076525
1,63103914,0.0,0.0,-0.027,0.0,0.0,-0.038,0.0,0.0,0.0,0.0,0.0,-0.001949,-0.001949,-4.32847e-05,0,0,0.0,0,-0.00037034682463867524,3.0812024633076525
1,79332351,0.0,0.0,-0.027,0.0,0.0,-0.038,0.0,0.0,0.0,0.0,0.0,-0.001949,-0.001949,-4.32847e-05,0,0,0.0,0,-0.00037034682463867524,3.0812024633076525
1,93455791,0.0,0.0,-0.027,0.0,0.0,-0.038,0.0,0.0,0.0,0.0,0.0,-0.001949,-0.001949,-4.32847e-05,0,0,0.0,0,-0.00037034682463867524,3.0812024633076525
1,110241174,0.0,0.0,-0.027,0.0,0.0,-0.038,0.0,0.0,0.0,0.0,0.0,-0.001949,-0.001949,-4.35185e-05,0,0,0.0,0,-0.00037034682463867524,3.0812024633076525
1,129083633,0.0,0.0,-0.027,0.0,0.0,-0.038,0.0,0.0,0.0,0.0,0.0,-0.001949,-0.001949,-4.35185e-05,0,0,0.0,0,-0.00037034682463867524,3.0812024633076525
1,147379159,0.0,0.0,-0.027,0.0,0.0,-0.038,0.0,0.0,0.0,0.0,0.0,-0.001949,-0.001949,-4.35185e-05,0,0,0.0,0,-0.00037034682463867524,3.0812024633076525
1,159995555,0.0,0.0,-0.027,0.0,0.0,-0.038,0.0,0.0,0.0,0.0,0.0,-0.001949,-0.001949,-4.35185e-05,0,0,0.0,0,-0.00037034682463867524,3.0812024633076525
1,178610324,0.0,0.0,-0.027,0.0,0.0,-0.038,0.0,0.0,0.0,0.0,0.0,-0.001949,-0.001949,-4.35185e-05,0,0,0.0,0,-0.00037034682463867524,3.0812024633076525
1,196192026,0.0,0.0,-0.027,0.0,0.0,-0.038,0.0,0.0,0.0,0.0,0.0,-0.001949,-0.001949,-4.35185e-05,0,0,0.0,0,-0.00037034682463867524,3.0812024633076525
1,214673757,0.0,0.0,-0.027,0.0,0.0,-0.038,0.0,0.0,0.0,0.0,0.0,-0.001949,-0.001949,-4.37003e-05,0,0,0.0,0,-0.00037034682463867524,3.0812024633076525
1,226181268,0.0,0.0,-0.027,0.0,0.0,-0.038,0.0,0.0,0.0,0.0,0.0,-0.001949,-0.001949,-4.37003e-05,0,0,0.0,0,-0.00037034682463867524,3.0812024633076525
1,246882200,0.0,0.0,-0.027,0.0,0.0,-0.038,0.0,0.0,0.0,0.0,0.0,-0.001949,-0.001949,-4.37003e-05,0,0,0.0,0,-0.00034458728623589467,3.0801680843022208
1,262454748,0.0,0.0,-0.027,0.0,0.0,-0.038,0.0,0.0,0.0,0.0,0.0,-0.001949,-0.001949,-4.37003e-05,0,0,0.0,0,-0.00034458728623589467,3.0801680843022208
1,281165838,0.0,0.0,-0.027,0.0,0.0,-0.038,0.0,0.0,0.0,0.0,0.0,-0.001949,-0.001949,-4.37003e-05,0,0,0.0,0,-0.00034458728623589467,3.0801680843022208
1,292477846,0.0,0.0,-0.027,0.0,0.0,-0.038,0.0,0.0,0.0,0.0,0.0,-0.001949,-0.001949,-4.37003e-05,0,0,0.0,0,-0.00034458728623589467,3.0801680843022208
1,315546989,0.0,0.0,-0.027,0.0,0.0,-0.038,0.0,0.0,0.0,0.0,0.0,-0.001949,-0.001949,-4.39378e-05,0,0,0.0,0,-0.00034458728623589467,3.0801680843022208
1,327191829,0.0,0.0,-0.027,0.0,0.0,-0.038,0.0,0.0,0.0,0.0,0.0,-0.001949,-0.001949,-4.39378e-05,0,0,0.0,0,-0.00034458728623589467,3.0801680843022208
1,342525959,0.0,0.0,-0.027,0.0,0.0,-0.038,0.0,0.0,0.0,0.0,0.0,-0.001949,-0.001949,-4.39378e-05,0,0,0.0,0,-0.00034458728623589467,3.0801680843022208
1,364049911,0.0,0.0,-0.027,0.0,0.0,-0.038,0.0,0.0,0.0,0.0,0.0,-0.001949,-0.001949,-4.39378e-05,0,0,0.0,0,-0.00034458728623589467,3.0801680843022208
1,377372264,0.0,0.0,-0.027,0.0,0.0,-0.038,0.0,0.0,0.0,0.0,0.0,-0.001949,-0.001949,-4.39378e-05,0,0,0.0,0,-0.00034458728623589467,3.0801680843022208
1,396064519,0.0,0.0,-0.027,0.0,0.0,-0.038,0.0,0.0,0.0,0.0,0.0,-0.001949,-0.001949,-4.39378e-05,0,0,0.0,0,-0.00034458728623589467,3.0801680843022208
1,413079023,0.0,0.0,-0.027,0.0,0.0,-0.038,0.0,0.0,0.0,0.0,0.0,-0.001949,-0.001949,-4.41833e-05,0,0,0.0,0,-0.00034458728623589467,3.0801680843022208
1,428183555,0.0,0.0,-0.027,0.0,0.0,-0.038,0.0,0.0,0.0,0.0,0.0,-0.001949,-0.001949,-4.41833e-05,0,0,0.0,0,-0.00034458728623589467,3.0801680843022208
1,445686578,0.0,0.0,-0.027,0.0,0.0,-0.038,0.0,0.0,0.0,0.0,0.0,-0.001949,-0.001949,-4.41833e-05,0,0,0.0,0,-0.00034458728623589467,3.0801680843022208
1,463222503,0.0,0.0,-0.027,0.0,0.0,-0.038,0.0,0.0,0.0,0.0,0.0,-0.001949,-0.001949,-4.41833e-05,0,0,0.0,0,-0.00034458728623589467,3.0801680843022208
1,478602409,0.0,0.0,-0.027,0.0,0.0,-0.038,0.0,0.0,0.0,0.0,0.0,-0.001949,-0.001949,-4.41833e-05,0,0,0.0,0,-0.00034458728623589467,3.0801680843022208
1,497109651,0.0,0.0,-0.027,0.0,0.0,-0.038,0.0,0.0,0.0,0.0,0.0,-0.001949,-0.001949,-4.41833e-05,0,0,0.0,0,-0.0003405070165173521,3.079377726712499
1,513733386,0.0,0.0,-0.027,0.0,0.0,-0.038,0.0,0.0,0.0,0.0,0.0,-0.001949,-0.001949,-4.44113e-05,0,0,0.0,0,-0.0003405070165173521,3.079377726712499
1,531508684,0.0,0.0,-0.027,0.0,0.0,-0.038,0.0,0.0,0.0,0.0,0.0,-0.001949,-0.001949,-4.44113e-05,0,0,0.0,0,-0.0003405070165173521,3.079377726712499
1,544263601,0.0,0.0,-0.027,0.0,0.0,-0.038,0.0,0.0,0.0,0.0,0.0,-0.001949,-0.001949,-4.44113e-05,0,0,0.0,0,-0.0003405070165173521,3.079377726712499
1,558472633,0.0,0.0,-0.027,0.0,0.0,-0.038,0.0,0.0,0.0,0.0,0.0,-0.001949,-0.001949,-4.44113e-05,0,0,0.0,0,-0.0003405070165173521,3.079377726712499
1,579004764,0.0,0.0,-0.027,0.0,0.0,-0.038,0.0,0.0,0.0,0.0,0.0,-0.001949,-0.001949,-4.44113e-05,0,0,0.0,0,-0.0003405070165173521,3.079377726712499
1,597103357,0.0,0.0,-0.027,0.0,0.0,-0.038,0.0,0.0,0.0,0.0,0.0,-0.001949,-0.001949,-4.44113e-05,0,0,0.0,0,-0.0003405070165173521,3.079377726712499
1,608410358,0.0,0.0,-0.027,0.0,0.0,-0.038,0.0,0.0,0.0,0.0,0.0,-0.001949,-0.001949,-4.46015e-05,0,0,0.0,0,-0.0003405070165173521,3.079377726712499
1,630048274,0.0,0.0,-0.027,0.0,0.0,-0.038,0.0,0.0,0.0,0.0,0.0,-0.001949,-0.001949,-4.46015e-05,0,0,0.0,0,-0.0003405070165173521,3.079377726712499
1,646726846,0.0,0.0,-0.027,0.0,0.0,-0.038,0.0,0.0,0.0,0.0,0.0,-0.001949,-0.001949,-4.46015e-05,0,0,0.0,0,-0.0003405070165173521,3.079377726712499
1,660201311,0.0,0.0,-0.027,0.0,0.0,-0.038,0.0,0.0,0.0,0.0,0.0,-0.001949,-0.001949,-4.46015e-05,0,0,0.0,0,-0.0003405070165173521,3.079377726712499
1,678051471,0.0,0.0,-0.027,0.0,0.0,-0.038,0.0,0.0,0.0,0.0,0.0,-0.001949,-0.001949,-4.46015e-05,0,0,0.0,0,-0.0003405070165173521,3.079377726712499
1,696552038,0.0,0.0,-0.027,0.0,0.0,-0.038,0.0,0.0,0.0,0.0,0.0,-0.001949,-0.001949,-4.46015e-05,0,0,0.0,0,-0.0003405070165173521,3.079377726712499
1,709942817,0.0,0.0,-0.027,0.0,0.0,-0.038,0.0,0.0,0.0,0.0,0.0,-0.001949,-0.001949,-4.48487e-05,0,0,0.0,0,-0.0003405070165173521,3.079377726712499
1,728110313,0.0,0.0,-0.027,0.0,0.0,-0.038,0.0,0.0,0.0,0.0,0.0,-0.001949,-0.001949,-4.48487e-05,0,0,0.0,0,-0.0003405070165173521,3.079377726712499
1,749220609,0.0,0.0,-0.027,0.0,0.0,-0.038,0.0,0.0,0.0,0.0,0.0,-0.001949,-0.001949,-4.48487e-05,0,0,0.0,0,-0.00033555048867141805,3.0786354104664664
1,759828567,0.0,0.0,-0.027,0.0,0.0,-0.038,0.0,0.0,0.0,0.0,0.0,-0.001949,-0.001949,-4.48487e-05,0,0,0.0,0,-0.00033555048867141805,3.0786354104664664
1,778810024,0.0,0.0,-0.027,0.0,0.0,-0.038,0.0,0.0,0.0,0.0,0.0,-0.001949,-0.001949,-4.48487e-05,0,0,0.0,0,-0.00033555048867141805,3.0786354104664664
1,798507213,0.0,0.0,-0.027,0.0,0.0,-0.038,0.0,0.0,0.0,0.0,0.0,-0.001949,-0.001949,-4.48487e-05,0,0,0.0,0,-0.00033555048867141805,3.0786354104664664
1,809481382,0.0,0.0,-0.027,0.0,0.0,-0.038,0.0,0.0,0.0,0.0,0.0,-0.001949,-0.001949,-4.50845e-05,0,0,0.0,0,-0.00033555048867141805,3.0786354104664664
1,826860904,0.0,0.0,-0.027,0.0,0.0,-0.038,0.0,0.0,0.0,0.0,0.0,-0.001949,-0.001949,-4.50845e-05,0,0,0.0,0,-0.00033555048867141805,3.0786354104664664
1,847202539,0.0,0.0,-0.027,0.0,0.0,-0.038,0.0,0.0,0.0,0.0,0.0,-0.001949,-0.001949,-4.50845e-05,0,0,0.0,0,-0.00033555048867141805,3.0786354104664664
1,863434553,0.0,0.0,-0.027,0.0,0.0,-0.038,0.0,0.0,0.0,0.0,0.0,-0.001949,-0.001949,-4.50845e-05,0,0,0.0,0,-0.00033555048867141805,3.0786354104664664
1,876184225,0.0,0.0,-0.027,0.0,0.0,-0.038,0.0,0.0,0.0,0.0,0.0,-0.001949,-0.001949,-4.50845e-05,0,0,0.0,0,-0.00033555048867141805,3.0786354104664664
1,893135547,0.0,0.0,-0.027,0.0,0.0,-0.038,0.0,0.0,0.0,0.0,0.0,-0.001949,-0.001949,-4.50845e-05,0,0,0.0,0,-0.00033555048867141805,3.0786354104664664
1,910634994,0.0,0.0,-0.027,0.0,0.0,-0.038,0.0,0.0,0.0,0.0,0.0,-0.001949,-0.001949,-4.53108e-05,0,0,0.0,0,-0.00033555048867141805,3.0786354104664664
1,928812742,0.0,0.0,-0.027,0.0,0.0,-0.038,0.0,0.0,0.0,0.0,0.0,-0.001949,-0.001949,-4.53108e-05,0,0,0.0,0,-0.00033555048867141805,3.0786354104664664
1,943472385,0.0,0.0,-0.027,0.0,0.0,-0.038,0.0,0.0,0.0,0.0,0.0,-0.001949,-0.001949,-4.53108e-05,0,0,0.0,0,-0.00033555048867141805,3.0786354104664664
1,960550546,0.0,0.0,-0.027,0.0,0.0,-0.038,0.0,0.0,0.0,0.0,0.0,-0.001949,-0.001949,-4.53108e-05,0,0,0.0,0,-0.00033555048867141805,3.0786354104664664
1,979908704,0.0,0.0,-0.027,0.0,0.0,-0.038,0.0,0.0,0.0,0.0,0.0,-0.001949,-0.001949,-4.53108e-05,0,0,0.0,0,-0.00033555048867141805,3.0786354104664664
2,108718,0.0,0.0,-0.027,0.0,0.0,-0.038,0.0,0.0,0.0,0.0,0.0,-0.001949,-0.001949,-4.53108e-05,0,0,0.0,0,-0.00033555048867141805,3.0786354104664664
2,14181137,0.0,0.0,-0.006,0.0,0.0,-0.038,0.0,0.0,0.0,0.0,0.0,-0.001949,-0.001949,-4.55002e-05,0,0,0.0,0,-0.0003376574895811639,3.078147725262914
2,26262998,0.0,0.0,-0.006,0.0,0.0,-0.038,0.0,0.0,0.0,0.0,0.0,-0.001949,-0.001949,-4.55002e-05,0,0,0.0,0,-0.0003376574895811639,3.078147725262914
2,47526597,0.0,0.0,-0.006,0.0,0.0,-0.038,0.0,0.0,0.0,0.0,0.0,-0.001949,-0.001949,-4.55002e-05,0,0,0.0,0,-0.0003376574895811639,3.078147725262914
2,61981678,0.0,0.0,-0.006,0.0,0.0,-0.038,0.0,0.0,0.0,0.0,0.0,-0.001949,-0.001949,-4.55002e-05,0,0,0.0,0,-0.0003376574895811639,3.078147725262914
2,79749822,0.0,0.0,-0.006,0.0,0.0,-0.038,0.0,0.0,0.0,0.0,0.0,-0.001949,-0.001949,-4.55002e-05,0,0,0.0,0,-0.0003376574895811639,3.078147725262914
2,93765974,0.0,0.0,-0.006,0.0,0.0,-0.038,0.0,0.0,0.0,0.0,0.0,-0.001949,-0.001949,-4.55002e-05,0,0,0.0,0,-0.0003376574895811639,3.078147725262914
2,112586021,0.0,0.0,-0.006,0.0,0.0,-0.038,0.0,0.0,0.0,0.0,0.0,-0.001949,-0.001949,-4.57417e-05,0,0,0.0,0,-0.0003376574895811639,3.078147725262914
2,127265453,0.0,0.0,-0.006,0.0,0.0,-0.038,0.0,0.0,0.0,0.0,0.0,-0.001949,-0.001949,-4.57417e-05,0,0,0.0,0,-0.0003376574895811639,3.078147725262914
2,146852970,0.0,0.0,-0.006,0.0,0.0,-0.038,0.0,0.0,0.0,0.0,0.0,-0.001949,-0.001949,-4.57417e-05,0,0,0.0,0,-0.0003376574895811639,3.078147725262914
2,162814140,0.0,0.0,-0.006,0.0,0.0,-0.038,0.0,0.0,0.0,0.0,0.0,-0.001949,-0.001949,-4.57417e-05,0,0,0.0,0,-0.0003376574895811639,3.078147725262914
2,180538415,0.0,0.0,-0.006,0.0,0.0,-0.038,0.0,0.0,0.0,0.0,0.0,-0.001949,-0.001949,-4.57417e-05,0,0,0.0,0,-0.0003376574895811639,3.078147725262914
2,193010330,0.0,0.0,-0.006,0.0,0.0,-0.038,0.0,0.0,0.0,0.0,0.0,-0.001949,-0.001949,-4.57417e-05,0,0,0.0,0,-0.0003376574895811639,3.078147725262914
2,212419509,0.0,0.0,-0.006,0.0,0.0,-0.038,0.0,0.0,0.0,0.0,0.0,-0.001949,-0.001949,-4.59815e-05,0,0,0.0,0,-0.0003376574895811639,3.078147725262914
2,230358839,0.0,0.0,-0.006,0.0,0.0,-0.038,0.0,0.0,0.0,0.0,0.0,-0.001949,-0.001949,-4.59815e-05,0,0,0.0,0,-0.0003376574895811639,3.078147725262914
2,245946884,0.0,0.0,-0.006,0.0,0.0,-0.038,0.0,0.0,0.0,0.0,0.0,-0.001949,-0.001949,-4.59815e-05,0,0,0.0,0,-0.0003376574895811639,3.078147725262914
2,259702682,0.0,0.0,-0.006,0.0,0.0,-0.038,0.0,0.0,0.0,0.0,0.0,-0.001949,-0.001949,-4.59815e-05,0,0,0.0,0,-0.00033850886393351474,3.0776685039189196
2,278472900,0.0,0.0,-0.007,0.0,0.0,-0.038,0.0,0.0,0.0,0.0,0.0,-0.001949,-0.001949,-4.59815e-05,0,0,0.0,0,-0.00033850886393351474,3.0776685039189196
2,298393011,0.0,0.0,-0.007,0.0,0.0,-0.038,0.0,0.0,0.0,0.0,0.0,-0.001949,-0.001949,-4.59815e-05,0,0,0.0,0,-0.00033850886393351474,3.0776685039189196
2,310880661,0.0,0.0,-0.007,0.0,0.0,-0.038,0.0,0.0,0.0,0.0,0.0,-0.001949,-0.001949,-4.59815e-05,0,0,0.0,0,-0.00033850886393351474,3.0776685039189196
2,331323146,0.0,0.0,-0.007,0.0,0.0,-0.038,0.0,0.0,0.0,0.0,0.0,-0.001949,-0.001949,-4.62071e-05,0,0,0.0,0,-0.00033850886393351474,3.0776685039189196
2,349526882,0.0,0.0,-0.007,0.0,0.0,-0.038,0.0,0.0,0.0,0.0,0.0,-0.001949,-0.001949,-4.62071e-05,0,0,0.0,0,-0.00033850886393351474,3.0776685039189196
2,362603187,0.0,0.0,-0.007,0.0,0.0,-0.038,0.0,0.0,0.0,0.0,0.0,-0.001949,-0.001949,-4.62071e-05,0,0,0.0,0,-0.00033850886393351474,3.0776685039189196
2,377053499,0.0,0.0,-0.007,0.0,0.0,-0.038,0.0,0.0,0.0,0.0,0.0,-0.001949,-0.001949,-4.62071e-05,0,0,0.0,0,-0.00033850886393351474,3.0776685039189196
2,395344734,0.0,0.0,-0.007,0.0,0.0,-0.038,0.0,0.0,0.0,0.0,0.0,-0.001949,-0.001949,-4.62071e-05,0,0,0.0,0,-0.00033850886393351474,3.0776685039189196
2,412537336,0.0,0.0,-0.007,0.0,0.0,-0.038,0.0,0.0,0.0,0.0,0.0,-0.001949,-0.001949,-4.62071e-05,0,0,0.0,0,-0.00033850886393351474,3.0776685039189196
2,430802345,0.0,0.0,-0.007,0.0,0.0,-0.038,0.0,0.0,0.0,0.0,0.0,-0.001949,-0.001949,-4.63954e-05,0,0,0.0,0,-0.00033850886393351474,3.0776685039189196
2,444899797,0.0,0.0,-0.007,0.0,0.0,-0.038,0.0,0.0,0.0,0.0,0.0,-0.001949,-0.001949,-4.63954e-05,0,0,0.0,0,-0.00033850886393351474,3.0776685039189196
2,464219808,0.0,0.0,-0.007,0.0,0.0,-0.038,0.0,0.0,0.0,0.0,0.0,-0.001949,-0.001949,-4.63954e-05,0,0,0.0,0,-0.00033850886393351474,3.0776685039189196
2,478025674,0.0,0.0,-0.007,0.0,0.0,-0.038,0.0,0.0,0.0,0.0,0.0,-0.001949,-0.001949,-4.63954e-05,0,0,0.0,0,-0.00033850886393351474,3.0776685039189196
2,495269298,0.0,0.0,-0.007,0.0,0.0,-0.038,0.0,0.0,0.0,0.0,0.0,-0.001949,-0.001949,-4.63954e-05,0,0,0.0,0,-0.00033850886393351474,3.0776685039189196
2,510245323,0.0,0.0,-0.007,0.0,0.0,-0.038,0.0,0.0,0.0,0.0,0.0,-0.001949,-0.001949,-4.63954e-05,0,0,0.0,0,-0.00031300351838594296,3.0774095813420157
2,530866146,0.0,0.0,-0.005,0.0,0.0,-0.038,0.0,0.0,0.0,0.0,0.0,-0.001949,-0.001949,-4.66362e-05,0,0,0.0,0,-0.00031300351838594296,3.0774095813420157
2,544914960,0.0,0.0,-0.005,0.0,0.0,-0.038,0.0,0.0,0.0,0.0,0.0,-0.001949,-0.001949,-4.66362e-05,0,0,0.0,0,-0.00031300351838594296,3.0774095813420157
2,560141086,0.0,0.0,-0.005,0.0,0.0,-0.038,0.0,0.0,0.0,0.0,0.0,-0.001949,-0.001949,-4.66362e-05,0,0,0.0,0,-0.00031300351838594296,3.0774095813420157
2,580565214,0.0,0.0,-0.005,0.0,0.0,-0.038,0.0,0.0,0.0,0.0,0.0,-0.001949,-0.001949,-4.66362e-05,0,0,0.0,0,-0.00031300351838594296,3.0774095813420157
2,595715761,0.0,0.0,-0.005,0.0,0.0,-0.038,0.0,0.0,0.0,0.0,0.0,-0.001949,-0.001949,-4.66362e-05,0,0,0.0,0,-0.00031300351838594296,3.0774095813420157
2,612073898,0.0,0.0,-0.005,0.0,0.0,-0.038,0.0,0.0,0.0,0.0,0.0,-0.001949,-0.001949,-4.66362e-05,0,0,0.0,0,-0.00031300351838594296,3.0774095813420157
2,633024215,0.0,0.0,-0.005,0.0,0.0,-0.038,0.0,0.0,0.0,0.0,0.0,-0.001949,-0.001949,-4.69121e-05,0,0,0.0,0,-0.00031300351838594296,3.0774095813420157
2,643909692,0.0,0.0,-0.005,0.0,0.0,-0.038,0.0,0.0,0.0,0.0,0.0,-0.001949,-0.001949,-4.69121e-05,0,0,0.0,0,-0.00031300351838594296,3.0774095813420157
2,663932085,0.0,0.0,-0.005,0.0,0.0,-0.038,0.0,0.0,0.0,0.0,0.0,-0.001949,-0.001949,-4.69121e-05,0,0,0.0,0,-0.00031300351838594296,3.0774095813420157
2,678751468,0.0,0.0,-0.005,0.0,0.0,-0.038,0.0,0.0,0.0,0.0,0.0,-0.001949,-0.001949,-4.69121e-05,0,0,0.0,0,-0.00031300351838594296,3.0774095813420157
2,697769641,0.0,0.0,-0.005,0.0,0.0,-0.038,0.0,0.0,0.0,0.0,0.0,-0.001949,-0.001949,-4.69121e-05,0,0,0.0,0,-0.00031300351838594296,3.0774095813420157
2,712245702,0.0,0.0,-0.005,0.0,0.0,-0.038,0.0,0.0,0.0,0.0,0.0,-0.001949,-0.001949,-4.69121e-05,0,0,0.0,0,-0.00031300351838594296,3.0774095813420157
2,727520465,0.0,0.0,-0.005,0.0,0.0,-0.038,0.0,0.0,0.0,0.0,0.0,-0.001949,-0.001949,-4.71323e-05,0,0,0.0,0,-0.00031300351838594296,3.0774095813420157
2,745743036,0.0,0.0,-0.005,0.0,0.0,-0.038,0.0,0.0,0.0,0.0,0.0,-0.001949,-0.001949,-4.71323e-05,0,0,0.0,0,-0.00031300351838594296,3.0774095813420157
2,762482881,0.0,0.0,-0.005,0.0,0.0,-0.038,0.0,0.0,0.0,0.0,0.0,-0.001949,-0.001949,-4.71323e-05,0,0,0.0,0,-0.00030868884641690173,3.077133015790258
2,780914783,0.0,0.0,-0.005,0.0,0.0,-0.038,0.0,0.0,0.0,0.0,0.0,-0.001949,-0.001949,-4.71323e-05,0,0,0.0,0,-0.00030868884641690173,3.077133015790258
2,792568683,0.0,0.0,-0.005,0.0,0.0,-0.038,0.0,0.0,0.0,0.0,0.0,-0.001949,-0.001949,-4.71323e-05,0,0,0.0,0,-0.00030868884641690173,3.077133015790258
2,813457727,0.0,0.0,-0.005,0.0,0.0,-0.038,0.0,0.0,0.0,0.0,0.0,-0.001949,-0.001949,-4.71323e-05,0,0,0.0,0,-0.00030868884641690173,3.077133015790258
2,828016757,0.0,0.0,-0.005,0.0,0.0,-0.038,0.0,0.0,0.0,0.0,0.0,-0.001949,-0.001949,-4.73284e-05,0,0,0.0,0,-0.00030868884641690173,3.077133015790258
2,845430612,0.0,0.0,-0.005,0.0,0.0,-0.038,0.0,0.0,0.0,0.0,0.0,-0.001949,-0.001949,-4.73284e-05,0,0,0.0,0,-0.00030868884641690173,3.077133015790258
2,863712787,0.0,0.0,-0.005,0.0,0.0,-0.038,0.0,0.0,0.0,0.0,0.0,-0.001949,-0.001949,-4.73284e-05,0,0,0.0,0,-0.00030868884641690173,3.077133015790258
2,883377552,0.0,0.0,-0.005,0.0,0.0,-0.038,0.0,0.0,0.0,0.0,0.0,-0.001949,-0.001949,-4.73284e-05,0,0,0.0,0,-0.00030868884641690173,3.077133015790258
2,897054672,0.0,0.0,-0.005,0.0,0.0,-0.038,0.0,0.0,0.0,0.0,0.0,-0.001949,-0.001949,-4.73284e-05,0,0,0.0,0,-0.00030868884641690173,3.077133015790258
2,909434318,0.0,0.0,-0.005,0.0,0.0,-0.038,0.0,0.0,0.0,0.0,0.0,-0.001949,-0.001949,-4.73284e-05,0,0,0.0,0,-0.00030868884641690173,3.077133015790258
2,927120923,0.0,0.0,-0.005,0.0,0.0,-0.038,0.0,0.0,0.0,0.0,0.0,-0.001949,-0.001949,-4.75741e-05,0,0,0.0,0,-0.00030868884641690173,3.077133015790258
2,943933486,0.0,0.0,-0.005,0.0,0.0,-0.038,0.0,0.0,0.0,0.0,0.0,-0.001949,-0.001949,-4.75741e-05,0,0,0.0,0,-0.00030868884641690173,3.077133015790258
2,965947628,0.0,0.0,-0.005,0.0,0.0,-0.038,0.0,0.0,0.0,0.0,0.0,-0.001949,-0.001949,-4.75741e-05,0,0,0.0,0,-0.00030868884641690173,3.077133015790258
2,976567983,0.0,0.0,-0.005,0.0,0.0,-0.038,0.0,0.0,0.0,0.0,0.0,-0.001949,-0.001949,-4.75741e-05,0,0,0.0,0,-0.00030868884641690173,3.077133015790258
2,996973276,0.0,0.0,-0.005,0.0,0.0,-0.038,0.0,0.0,0.0,0.0,0.0,-0.001949,-0.001949,-4.75741e-05,0,0,0.0,0,-0.00030868884641690173,3.077133015790258
3,8595705,0.0,0.0,-0.007,0.0,0.0,-0.038,0.0,0.0,0.0,0.0,0.0,-0.001949,-0.001949,-4.75741e-05,0,0,0.0,0,-0.00030236988095579657,3.077077941098485
3,28126478,0.0,0.0,-0.007,0.0,0.0,-0.038,0.0,0.0,0.0,0.0,0.0,-0.001949,-0.001949,-4.78086e-05,0,0,0.0,0,-0.00030236988095579657,3.077077941098485
3,43715000,0.0,0.0,-0.007,0.0,0.0,-0.038,0.0,0.0,0.0,0.0,0.0,-0.001949,-0.001949,-4.78086e-05,0,0,0.0,0,-0.00030236988095579657,3.077077941098485
3,61713218,0.0,0.0,-0.007,0.0,0.0,-0.038,0.0,0.0,0.0,0.0,0.0,-0.001949,-0.001949,-4.78086e-05,0,0,0.0,0,-0.00030236988095579657,3.077077941098485
3,81531286,0.0,0.0,-0.007,0.0,0.0,-0.038,0.0,0.0,0.0,0.0,0.0,-0.001949,-0.001949,-4.78086e-05,0,0,0.0,0,-0.00030236988095579657,3.077077941098485
3,96080064,0.0,0.0,-0.007,0.0,0.0,-0.038,0.0,0.0,0.0,0.0,0.0,-0.001949,-0.001949,-4.78086e-05,0,0,0.0,0,-0.00030236988095579657,3.077077941098485
3,110025882,0.0,0.0,-0.007,0.0,0.0,-0.038,0.0,0.0,0.0,0.0,0.0,-0.001949,-0.001949,-4.78086e-05,0,0,0.0,0,-0.00030236988095579657,3.077077941098485
3,130682706,0.0,0.0,-0.007,0.0,0.0,-0.038,0.0,0.0,0.0,0.0,0.0,-0.001949,-0.001949,-4.80276e-05,0,0,0.0,0,-0.00030236988095579657,3.077077941098485
3,143712282,0.0,0.0,-0.007,0.0,0.0,-0.038,0.0,0.0,0.0,0.0,0.0,-0.001949,-0.001949,-4.80276e-05,0,0,0.0,0,-0.00030236988095579657,3.077077941098485
3,159880638,0.0,0.0,-0.007,0.0,0.0,-0.038,0.0,0.0,0.0,0.0,0.0,-0.001949,-0.001949,-4.80276e-05,0,0,0.0,0,-0.00030236988095579657,3.077077941098485
3,176754474,0.0,0.0,-0.007,0.0,0.0,-0.038,0.0,0.0,0.0,0.0,0.0,-0.001949,-0.001949,-4.80276e-05,0,0,0.0,0,-0.00030236988095579657,3.077077941098485
3,193143367,0.0,0.0,-0.007,0.0,0.0,-0.038,0.0,0.0,0.0,0.0,0.0,-0.001949,-0.001949,-4.80276e-05,0,0,0.0,0,-0.00030236988095579657,3.077077941098485
3,209524631,0.0,0.0,-0.007,0.0,0.0,-0.038,0.0,0.0,0.0,0.0,0.0,-0.001949,-0.001949,-4.80276e-05,0,0,0.0,0,-0.00030236988095579657,3.077077941098485
3,229616403,0.0,0.0,-0.007,0.0,0.0,-0.038,0.0,0.0,0.0,0.0,0.0,-0.001949,-0.001949,-4.82228e-05,0,0,0.0,0,-0.00030236988095579657,3.077077941098485
3,248474836,0.0,0.0,-0.007,0.0,0.0,-0.038,0.0,0.0,0.0,0.0,0.0,-0.001949,-0.001949,-4.82228e-05,0,0,0.0,0,-0.00029906595591468736,3.0769792358067374
3,263799190,0.0,0.0,-0.008,0.0,0.0,-0.038,0.0,0.0,0.0,0.0,0.0,-0.001949,-0.001949,-4.82228e-05,0,0,0.0,0,-0.00029906595591468736,3.0769792358067374
3,281668186,0.0,0.0,-0.008,0.0,0.0,-0.038,0.0,0.0,0.0,0.0,0.0,-0.001949,-0.001949,-4.82228e-05,0,0,0.0,0,-0.00029906595591468736,3.0769792358067374
3,293453216,0.0,0.0,-0.008,0.0,0.0,-0.038,0.0,0.0,0.0,0.0,0.0,-0.001949,-0.001949,-4.82228e-05,0,0,0.0,0,-0.00029906595591468736,3.0769792358067374
3,310795068,0.0,0.0,-0.008,0.0,0.0,-0.038,0.0,0.0,0.0,0.0,0.0,-0.001949,-0.001949,-4.82228e-05,0,0,0.0,0,-0.00029906595591468736,3.0769792358067374
3,330346345,0.0,0.0,-0.008,0.0,0.0,-0.038,0.0,0.0,0.0,0.0,0.0,-0.001949,-0.001949,-4.84678e-05,0,0,0.0,0,-0.00029906595591468736,3.0769792358067374
3,345324277,0.0,0.0,-0.008,0.0,0.0,-0.038,0.0,0.0,0.0,0.0,0.0,-0.001949,-0.001949,-4.84678e-05,0,0,0.0,0,-0.00029906595591468736,3.0769792358067374
3,362119674,0.0,0.0,-0.008,0.0,0.0,-0.038,0.0,0.0,0.0,0.0,0.0,-0.001949,-0.001949,-4.84678e-05,0,0,0.0,0,-0.00029906595591468736,3.0769792358067374
3,376619100,0.0,0.0,-0.008,0.0,0.0,-0.038,0.0,0.0,0.0,0.0,0.0,-0.001949,-0.001949,-4.84678e-05,0,0,0.0,0,-0.00029906595591468736,3.0769792358067374
3,393597364,0.0,0.0,-0.008,0.0,0.0,-0.038,0.0,0.0,0.0,0.0,0.0,-0.001949,-0.001949,-4.84678e-05,0,0,0.0,0,-0.00029906595591468736,3.0769792358067374
3,412571907,0.0,0.0,-0.008,0.0,0.0,-0.038,0.0,0.0,0.0,0.0,0.0,-0.001949,-0.001949,-4.84678e-05,0,0,0.0,0,-0.00029906595591468736,3.0769792358067374
3,426784753,0.0,0.0,-0.008,0.0,0.0,-0.038,0.0,0.0,0.0,0.0,0.0,-0.001949,-0.001949,-4.87013e-05,0,0,0.0,0,-0.00029906595591468736,3.0769792358067374
3,444046497,0.0,0.0,-0.008,0.0,0.0,-0.038,0.0,0.0,0.0,0.0,0.0,-0.001949,-0.001949,-4.87013e-05,0,0,0.0,0,-0.00029906595591468736,3.0769792358067374
3,460456848,0.0,0.0,-0.008,0.0,0.0,-0.038,0.0,0.0,0.0,0.0,0.0,-0.001949,-0.001949,-4.87013e-05,0,0,0.0,0,-0.00029906595591468736,3.0769792358067374
3,477836132,0.0,0.0,-0.008,0.0,0.0,-0.038,0.0,0.0,0.0,0.0,0.0,-0.001949,-0.001949,-4.87013e-05,0,0,0.0,0,-0.00029906595591468736,3.0769792358067374
3,494753122,0.0,0.0,-0.008,0.0,0.0,-0.038,0.0,0.0,0.0,0.0,0.0,-0.001949,-0.001949,-4.87013e-05,0,0,0.0,0,-0.0002916081575678102,3.0770519534733634
3,514189481,0.0,0.0,-0.01,0.0,0.0,-0.038,0.0,0.0,0.0,0.0,0.0,-0.001949,-0.001949,-4.87013e-05,0,0,0.0,0,-0.0002916081575678102,3.0770519534733634
3,529265642,0.0,0.0,-0.01,0.0,0.0,-0.038,0.0,0.0,0.0,0.0,0.0,-0.001949,-0.001949,-4.89261e-05,0,0,0.0,0,-0.0002916081575678102,3.0770519534733634
3,547683000,0.0,0.0,-0.01,0.0,0.0,-0.038,0.0,0.0,0.0,0.0,0.0,-0.001949,-0.001949,-4.89261e-05,0,0,0.0,0,-0.0002916081575678102,3.0770519534733634
3,561662912,0.0,0.0,-0.01,0.0,0.0,-0.038,0.0,0.0,0.0,0.0,0.0,-0.001949,-0.001949,-4.89261e-05,0,0,0.0,0,-0.0002916081575678102,3.0770519534733634
3,581922531,0.0,0.0,-0.01,0.0,0.0,-0.038,0.0,0.0,0.0,0.0,0.0,-0.001949,-0.001949,-4.89261e-05,0,0,0.0,0,-0.0002916081575678102,3.0770519534733634
3,593526363,0.0,0.0,-0.01,0.0,0.0,-0.038,0.0,0.0,0.0,0.0,0.0,-0.001949,-0.001949,-4.89261e-05,0,0,0.0,0,-0.0002916081575678102,3.0770519534733634
3,611912727,0.0,0.0,-0.01,0.0,0.0,-0.038,0.0,0.0,0.0,0.0,0.0,-0.001949,-0.001949,-4.89261e-05,0,0,0.0,0,-0.0002916081575678102,3.0770519534733634
3,628811597,0.0,0.0,-0.01,0.0,0.0,-0.038,0.0,0.0,0.0,0.0,0.0,-0.001949,-0.001949,-4.91135e-05,0,0,0.0,0,-0.0002916081575678102,3.0770519534733634
3,646627426,0.0,0.0,-0.01,0.0,0.0,-0.038,0.0,0.0,0.0,0.0,0.0,-0.001949,-0.001949,-4.91135e-05,0,0,0.0,0,-0.0002916081575678102,3.0770519534733634
3,660833597,0.0,0.0,-0.01,0.0,0.0,-0.038,0.0,0.0,0.0,0.0,0.0,-0.001949,-0.001949,-4.91135e-05,0,0,0.0,0,-0.0002916081575678102,3.0770519534733634
3,678985118,0.0,0.0,-0.01,0.0,0.0,-0.038,0.0,0.0,0.0,0.0,0.0,-0.001949,-0.001949,-4.91135e-05,0,0,0.0,0,-0.0002916081575678102,3.0770519534733634
3,697627305,0.0,0.0,-0.01,0.0,0.0,-0.038,0.0,0.0,0.0,0.0,0.0,-0.001949,-0.001949,-4.91135e-05,0,0,0.0,0,-0.0002916081575678102,3.0770519534733634
3,714331865,0.0,0.0,-0.01,0.0,0.0,-0.038,0.0,0.0,0.0,0.0,0.0,-0.001949,-0.001949,-4.91135e-05,0,0,0.0,0,-0.0002916081575678102,3.0770519534733634
3,727855920,0.0,0.0,-0.01,0.0,0.0,-0.038,0.0,0.0,0.0,0.0,0.0,-0.001949,-0.001949,-4.9358e-05,0,0,0.0,0,-0.0002916081575678102,3.0770519534733634
3,748052120,0.0,0.0,-0.01,0.0,0.0,-0.038,0.0,0.0,0.0,0.0,0.0,-0.001949,-0.001949,-4.9358e-05,0,0,0.0,0,-0.0002916081575678102,3.0770519534733634
3,758935689,0.0,0.0,-0.012,0.0,0.0,-0.038,0.0,0.0,0.0,0.0,0.0,-0.001949,-0.001949,-4.9358e-05,0,0,0.0,0,-0.0002574308309705368,3.07707674900559
3,778657436,0.0,0.0,-0.012,0.0,0.0,-0.038,0.0,0.0,0.0,0.0,0.0,-0.001949,-0.001949,-4.9358e-05,0,0,0.0,0,-0.0002574308309705368,3.07707674900559
3,798622369,0.0,0.0,-0.012,0.0,0.0,-0.038,0.0,0.0,0.0,0.0,0.0,-0.001949,-0.001949,-4.9358e-05,0,0,0.0,0,-0.0002574308309705368,3.07707674900559
3,810011386,0.0,0.0,-0.012,0.0,0.0,-0.038,0.0,0.0,0.0,0.0,0.0,-0.001949,-0.001949,-4.9358e-05,0,0,0.0,0,-0.0002574308309705368,3.07707674900559
3,830577850,0.0,0.0,-0.012,0.0,0.0,-0.038,0.0,0.0,0.0,0.0,0.0,-0.001949,-0.001949,-4.95931e-05,0,0,0.0,0,-0.0002574308309705368,3.07707674900559
3,844815015,0.0,0.0,-0.012,0.0,0.0,-0.038,0.0,0.0,0.0,0.0,0.0,-0.001949,-0.001949,-4.95931e-05,0,0,0.0,0,-0.0002574308309705368,3.07707674900559
3,861373662,0.0,0.0,-0.012,0.0,0.0,-0.038,0.0,0.0,0.0,0.0,0.0,-0.001949,-0.001949,-4.95931e-05,0,0,0.0,0,-0.0002574308309705368,3.07707674900559
3,880422592,0.0,0.0,-0.012,0.0,0.0,-0.038,0.0,0.0,0.0,0.0,0.0,-0.001949,-0.001949,-4.95931e-05,0,0,0.0,0,-0.0002574308309705368,3.07707674900559
3,892920255,0.0,0.0,-0.012,0.0,0.0,-0.038,0.0,0.0,0.0,0.0,0.0,-0.001949,-0.001949,-4.95931e-05,0,0,0.0,0,-0.0002574308309705368,3.07707674900559
3,910179376,0.0,0.0,-0.012,0.0,0.0,-0.038,0.0,0.0,0.0,0.0,0.0,-0.001949,-0.001949,-4.95931e-05,0,0,0.0,0,-0.0002574308309705368,3.07707674900559
3,927410364,0.0,0.0,-0.012,0.0,0.0,-0.038,0.0,0.0,0.0,0.0,0.0,-0.001949,-0.001949,-4.95931e-05,0,0,0.0,0,-0.0002574308309705368,3.07707674900559
3,947784662,0.0,0.0,-0.012,0.0,0.0,-0.038,0.0,0.0,0.0,0.0,0.0,-0.001949,-0.001949,-4.98182e-05,0,0,0.0,0,-0.0002574308309705368,3.07707674900559
3,961147785,0.0,0.0,-0.012,0.0,0.0,-0.038,0.0,0.0,0.0,0.0,0.0,-0.001949,-0.001949,-4.98182e-05,0,0,0.0,0,-0.0002574308309705368,3.07707674900559
3,981076717,0.0,0.0,-0.012,0.0,0.0,-0.038,0.0,0.0,0.0,0.0,0.0,-0.001949,-0.001949,-4.98182e-05,0,0,0.0,0,-0.0002574308309705368,3.07707674900559
3,992600917,0.0,0.0,-0.012,0.0,0.0,-0.038,0.0,0.0,0.0,0.0,0.0,-0.001949,-0.001949,-4.98182e-05,0,0,0.0,0,-0.00025742989964796235,3.077255562939916
4,14834403,0.0,0.0,-0.013,0.0,0.0,-0.031,0.0,0.0,0.0,0.0,0.0,-0.001949,-0.001949,-4.98182e-05,0,0,0.0,0,-0.00025742989964796235,3.077255562939916
4,31043052,0.0,0.0,-0.013,0.0,0.0,-0.031,0.0,0.0,0.0,0.0,0.0,-0.001949,-0.001949,-4.98182e-05,0,0,0.0,0,-0.00025742989964796235,3.077255562939916
4,42645454,0.0,0.0,-0.013,0.0,0.0,-0.031,0.0,0.0,0.0,0.0,0.0,-0.001949,-0.001949,-5.0006e-05,0,0,0.0,0,-0.00025742989964796235,3.077255562939916
4,61170101,0.0,0.0,-0.013,0.0,0.0,-0.031,0.0,0.0,0.0,0.0,0.0,-0.001949,-0.001949,-5.0006e-05,0,0,0.0,0,-0.00025742989964796235,3.077255562939916
4,76008558,0.0,0.0,-0.013,0.0,0.0,-0.031,0.0,0.0,0.0,0.0,0.0,-0.001949,-0.001949,-5.0006e-05,0,0,0.0,0,-0.00025742989964796235,3.077255562939916
4,94489097,0.0,0.0,-0.013,0.0,0.0,-0.031,0.0,0.0,0.0,0.0,0.0,-0.001949,-0.001949,-5.0006e-05,0,0,0.0,0,-0.00025742989964796235,3.077255562939916
4,111424207,0.0,0.0,-0.013,0.0,0.0,-0.031,0.0,0.0,0.0,0.0,0.0,-0.001949,-0.001949,-5.0006e-05,0,0,0.0,0,-0.00025742989964796235,3.077255562939916
4,132674455,0.0,0.0,-0.013,0.0,0.0,-0.031,0.0,0.0,0.0,0.0,0.0,-0.001949,-0.001949,-5.0006e-05,0,0,0.0,0,-0.00025742989964796235,3.077255562939916
4,144157171,0.0,0.0,-0.013,0.0,0.0,-0.031,0.0,0.0,0.0,0.0,0.0,-0.001949,-0.001949,-5.02464e-05,0,0,0.0,0,-0.00025742989964796235,3.077255562939916
4,160739183,0.0,0.0,-0.013,0.0,0.0,-0.031,0.0,0.0,0.0,0.0,0.0,-0.001949,-0.001949,-5.02464e-05,0,0,0.0,0,-0.00025742989964796235,3.077255562939916
4,175826072,0.0,0.0,-0.013,0.0,0.0,-0.031,0.0,0.0,0.0,0.0,0.0,-0.001949,-0.001949,-5.02464e-05,0,0,0.0,0,-0.00025742989964796235,3.077255562939916
4,194798231,0.0,0.0,-0.013,0.0,0.0,-0.031,0.0,0.0,0.0,0.0,0.0,-0.001949,-0.001949,-5.02464e-05,0,0,0.0,0,-0.00025742989964796235,3.077255562939916
4,210017442,0.0,0.0,-0.013,0.0,0.0,-0.031,0.0,0.0,0.0,0.0,0.0,-0.001949,-0.001949,-5.02464e-05,0,0,0.0,0,-0.00025742989964796235,3.077255562939916
4,228948593,0.0,0.0,-0.013,0.0,0.0,-0.031,0.0,0.0,0.0,0.0,0.0,-0.001949,-0.001949,-5.02464e-05,0,0,0.0,0,-0.00025742989964796235,3.077255562939916
4,250536680,0.0,0.0,-0.013,0.0,0.0,-0.031,0.0,0.0,0.0,0.0,0.0,-0.001949,-0.001949,-5.04849e-05,0,0,0.0,0,-0.0002508142788430116,3.0774225751545763
4,262050628,0.0,0.0,-0.013,0.0,0.0,-0.012,0.0,0.0,0.0,0.0,0.0,-0.001949,-0.001949,-5.04849e-05,0,0,0.0,0,-0.0002508142788430116,3.0774225751545763
4,281810283,0.0,0.0,-0.015,0.0,0.0,-0.012,0.0,0.0,0.0,0.0,0.0,-0.001949,-0.001949,-5.04849e-05,0,0,0.0,0,-0.0002508142788430116,3.0774225751545763
4,292937994,0.0,0.0,-0.015,0.0,0.0,-0.012,0.0,0.0,0.0,0.0,0.0,-0.001949,-0.001949,-5.04849e-05,0,0,0.0,0,-0.0002508142788430116,3.0774225751545763
4,312036514,0.0,0.0,-0.015,0.0,0.0,-0.012,0.0,0.0,0.0,0.0,0.0,-0.001949,-0.001949,-5.04849e-05,0,0,0.0,0,-0.0002508142788430116,3.0774225751545763
4,331447362,0.0,0.0,-0.015,0.0,0.0,-0.012,0.0,0.0,0.0,0.0,0.0,-0.001949,-0.001949,-5.04849e-05,0,0,0.0,0,-0.0002508142788430116,3.0774225751545763
4,343525171,0.0,0.0,-0.015,0.0,0.0,-0.012,0.0,0.0,0.0,0.0,0.0,-0.001949,-0.001949,-5.0713e-05,0,0,0.0,0,-0.0002508142788430116,3.0774225751545763
4,361117839,0.0,0.0,-0.015,0.0,0.0,-0.012,0.0,0.0,0.0,0.0,0.0,-0.001949,-0.001949,-5.0713e-05,0,0,0.0,0,-0.0002508142788430116,3.0774225751545763
4,382009029,0.0,0.0,-0.015,0.0,0.0,-0.012,0.0,0.0,0.0,0.0,0.0,-0.001949,-0.001949,-5.0713e-05,0,0,0.0,0,-0.0002508142788430116,3.0774225751545763
4,394929409,0.0,0.0,-0.015,0.0,0.0,-0.012,0.0,0.0,0.0,0.0,0.0,-0.001949,-0.001949,-5.0713e-05,0,0,0.0,0,-0.0002508142788430116,3.0774225751545763
4,409469604,0.0,0.0,-0.015,0.0,0.0,-0.012,0.0,0.0,0.0,0.0,0.0,-0.001949,-0.001949,-5.0713e-05,0,0,0.0,0,-0.0002508142788430116,3.0774225751545763
4,427016735,0.0,0.0,-0.015,0.0,0.0,-0.012,0.0,0.0,0.0,0.0,0.0,-0.001949,-0.001949,-5.0713e-05,0,0,0.0,0,-0.0002508142788430116,3.0774225751545763
4,445214271,0.0,0.0,-0.015,0.0,0.0,-0.012,0.0,0.0,0.0,0.0,0.0,-0.001949,-0.001949,-5.08961e-05,0,0,0.0,0,-0.0002508142788430116,3.0774225751545763
4,459745645,0.0,0.0,-0.015,0.0,0.0,-0.012,0.0,0.0,0.0,0.0,0.0,-0.001949,-0.001949,-5.08961e-05,0,0,0.0,0,-0.0002508142788430116,3.0774225751545763
4,478718519,0.0,0.0,-0.015,0.0,0.0,-0.012,0.0,0.0,0.0,0.0,0.0,-0.001949,-0.001949,-5.08961e-05,0,0,0.0,0,-0.0002508142788430116,3.0774225751545763
4,497417449,0.0,0.0,-0.015,0.0,0.0,-0.012,0.0,0.0,0.0,0.0,0.0,-0.001949,-0.001949,-5.08961e-05,0,0,0.0,0,-0.0002450867614244483,3.0776720801976065
4,509152412,0.0,0.0,-0.015,0.0,0.0,-0.008,0.0,0.0,0.0,0.0,0.0,-0.001949,-0.001949,-5.08961e-05,0,0,0.0,0,-0.0002450867614244483,3.0776720801976065
4,528097391,0.0,0.0,-0.016,0.0,0.0,-0.008,0.0,0.0,0.0,0.0,0.0,-0.001949,-0.001949,-5.08961e-05,0,0,0.0,0,-0.0002450867614244483,3.0776720801976065
4,546149015,0.0,0.0,-0.016,0.0,0.0,-0.008,0.0,0.0,0.0,0.0,0.0,-0.001949,-0.001949,-5.11356e-05,0,0,0.0,0,-0.0002450867614244483,3.0776720801976065
4,564280748,0.0,0.0,-0.016,0.0,0.0,-0.008,0.0,0.0,0.0,0.0,0.0,-0.001949,-0.001949,-5.11356e-05,0,0,0.0,0,-0.0002450867614244483,3.0776720801976065
4,578860044,0.0,0.0,-0.016,0.0,0.0,-0.008,0.0,0.0,0.0,0.0,0.0,-0.001949,-0.001949,-5.11356e-05,0,0,0.0,0,-0.0002450867614244483,3.0776720801976065
4,595723628,0.0,0.0,-0.016,0.0,0.0,-0.008,0.0,0.0,0.0,0.0,0.0,-0.001949,-0.001949,-5.11356e-05,0,0,0.0,0,-0.0002450867614244483,3.0776720801976065
4,615375518,0.0,0.0,-0.016,0.0,0.0,-0.008,0.0,0.0,0.0,0.0,0.0,-0.001949,-0.001949,-5.11356e-05,0,0,0.0,0,-0.0002450867614244483,3.0776720801976065
4,629462480,0.0,0.0,-0.016,0.0,0.0,-0.008,0.0,0.0,0.0,0.0,0.0,-0.001949,-0.001949,-5.11356e-05,0,0,0.0,0,-0.0002450867614244483,3.0776720801976065
4,646833181,0.0,0.0,-0.016,0.0,0.0,-0.008,0.0,0.0,0.0,0.0,0.0,-0.001949,-0.001949,-5.13735e-05,0,0,0.0,0,-0.0002450867614244483,3.0776720801976065
4,663921356,0.0,0.0,-0.016,0.0,0.0,-0.008,0.0,0.0,0.0,0.0,0.0,-0.001949,-0.001949,-5.13735e-05,0,0,0.0,0,-0.0002450867614244483,3.0776720801976065
4,678596258,0.0,0.0,-0.016,0.0,0.0,-0.008,0.0,0.0,0.0,0.0,0.0,-0.001949,-0.001949,-5.13735e-05,0,0,0.0,0,-0.0002450867614244483,3.0776720801976065
4,693268537,0.0,0.0,-0.016,0.0,0.0,-0.008,0.0,0.0,0.0,0.0,0.0,-0.001949,-0.001949,-5.13735e-05,0,0,0.0,0,-0.0002450867614244483,3.0776720801976065
4,713839769,0.0,0.0,-0.016,0.0,0.0,-0.008,0.0,0.0,0.0,0.0,0.0,-0.001949,-0.001949,-5.13735e-05,0,0,0.0,0,-0.0002450867614244483,3.0776720801976065
4,730932712,0.0,0.0,-0.016,0.0,0.0,-0.008,0.0,0.0,0.0,0.0,0.0,-0.001949,-0.001949,-5.13735e-05,0,0,0.0,0,-0.0002450867614244483,3.0776720801976065
4,744487762,0.0,0.0,-0.016,0.0,0.0,-0.008,0.0,0.0,0.0,0.0,0.0,-0.001949,-0.001949,-5.16006e-05,0,0,0.0,0,-0.0002450867614244483,3.0776720801976065
4,765905618,0.0,0.0,-0.017,0.0,0.0,-0.008,0.0,0.0,0.0,0.0,0.0,-0.001949,-0.001949,-5.16006e-05,0,0,0.0,0,-0.00024031857901731486,3.077890113988195
4,777274847,0.0,0.0,-0.017,0.0,0.0,-0.008,0.0,0.0,0.0,0.0,0.0,-0.001949,-0.001949,-5.16006e-05,0,0,0.0,0,-0.00024031857901731486,3.077890113988195
4,793633937,0.0,0.0,-0.017,0.0,0.0,-0.008,0.0,0.0,0.0,0.0,0.0,-0.001949,-0.001949,-5.16006e-05,0,0,0.0,0,-0.00024031857901731486,3.077890113988195
4,809805393,0.0,0.0,-0.017,0.0,0.0,-0.008,0.0,0.0,0.0,0.0,0.0,-0.001949,-0.001949,-5.16006e-05,0,0,0.0,0,-0.00024031857901731486,3.077890113988195
4,825961589,0.0,0.0,-0.017,0.0,0.0,-0.008,0.0,0.0,0.0,0.0,0.0,-0.001949,-0.001949,-5.16006e-05,0,0,0.0,0,-0.00024031857901731486,3.077890113988195
4,847949743,0.0,0.0,-0.017,0.0,0.0,-0.008,0.0,0.0,0.0,0.0,0.0,-0.001949,-0.001949,-5.17829e-05,0,0,0.0,0,-0.00024031857901731486,3.077890113988195
4,858783721,0.0,0.0,-0.017,0.0,0.0,-0.008,0.0,0.0,0.0,0.0,0.0,-0.001949,-0.001949,-5.17829e-05,0,0,0.0,0,-0.00024031857901731486,3.077890113988195
4,877404928,0.0,0.0,-0.017,0.0,0.0,-0.008,0.0,0.0,0.0,0.0,0.0,-0.001949,-0.001949,-5.17829e-05,0,0,0.0,0,-0.00024031857901731486,3.077890113988195
4,896878480,0.0,0.0,-0.017,0.0,0.0,-0.008,0.0,0.0,0.0,0.0,0.0,-0.001949,-0.001949,-5.17829e-05,0,0,0.0,0,-0.00024031857901731486,3.077890113988195
4,909049272,0.0,0.0,-0.017,0.0,0.0,-0.008,0.0,0.0,0.0,0.0,0.0,-0.001949,-0.001949,-5.17829e-05,0,0,0.0,0,-0.00024031857901731486,3.077890113988195
4,926956653,0.0,0.0,-0.017,0.0,0.0,-0.008,0.0,0.0,0.0,0.0,0.0,-0.001949,-0.001949,-5.17829e-05,0,0,0.0,0,-0.00024031857901731486,3.077890113988195
4,943499326,0.0,0.0,-0.017,0.0,0.0,-0.008,0.0,0.0,0.0,0.0,0.0,-0.001949,-0.001949,-5.20328e-05,0,0,0.0,0,-0.00024031857901731486,3.077890113988195
4,961200714,0.0,0.0,-0.017,0.0,0.0,-0.008,0.0,0.0,0.0,0.0,0.0,-0.001949,-0.001949,-5.20328e-05,0,0,0.0,0,-0.00024031857901731486,3.077890113988195
4,976278305,0.0,0.0,-0.017,0.0,0.0,-0.008,0.0,0.0,0.0,0.0,0.0,-0.001949,-0.001949,-5.20328e-05,0,0,0.0,0,-0.00024031857901731486,3.077890113988195
4,997179985,0.0,0.0,-0.017,0.0,0.0,-0.008,0.0,0.0,0.0,0.0,0.0,-0.001949,-0.001949,-5.20328e-05,0,0,0.0,0,-0.00024031857901731486,3.077890113988195
5,12623310,0.0,0.0,-0.017,0.0,0.0,-0.01,0.0,0.0,0.0,0.0,0.0,-0.001949,-0.001949,-5.20328e-05,0,0,0.0,0,-0.00021065275359446163,3.0782326022770743
5,31201839,0.0,0.0,-0.018,0.0,0.0,-0.01,0.0,0.0,0.0,0.0,0.0,-0.001949,-0.001949,-5.20328e-05,0,0,0.0,0,-0.00021065275359446163,3.0782326022770743
5,43794155,0.0,0.0,-0.018,0.0,0.0,-0.01,0.0,0.0,0.0,0.0,0.0,-0.001949,-0.001949,-5.22367e-05,0,0,0.0,0,-0.00021065275359446163,3.0782326022770743
5,60890197,0.0,0.0,-0.018,0.0,0.0,-0.01,0.0,0.0,0.0,0.0,0.0,-0.001949,-0.001949,-5.22367e-05,0,0,0.0,0,-0.00021065275359446163,3.0782326022770743
5,78815937,0.0,0.0,-0.018,0.0,0.0,-0.01,0.0,0.0,0.0,0.0,0.0,-0.001949,-0.001949,-5.22367e-05,0,0,0.0,0,-0.00021065275359446163,3.0782326022770743
5,95811367,0.0,0.0,-0.018,0.0,0.0,-0.01,0.0,0.0,0.0,0.0,0.0,-0.001949,-0.001949,-5.22367e-05,0,0,0.0,0,-0.00021065275359446163,3.0782326022770743
5,115645647,0.0,0.0,-0.018,0.0,0.0,-0.01,0.0,0.0,0.0,0.0,0.0,-0.001949,-0.001949,-5.22367e-05,0,0,0.0,0,-0.00021065275359446163,3.0782326022770743
5,128108501,0.0,0.0,-0.018,0.0,0.0,-0.01,0.0,0.0,0.0,0.0,0.0,-0.001949,-0.001949,-5.22367e-05,0,0,0.0,0,-0.00021065275359446163,3.0782326022770743
5,147354125,0.0,0.0,-0.018,0.0,0.0,-0.01,0.0,0.0,0.0,0.0,0.0,-0.001949,-0.001949,-5.24494e-05,0,0,0.0,0,-0.00021065275359446163,3.0782326022770743
5,160828828,0.0,0.0,-0.018,0.0,0.0,-0.01,0.0,0.0,0.0,0.0,0.0,-0.001949,-0.001949,-5.24494e-05,0,0,0.0,0,-0.00021065275359446163,3.0782326022770743
5,177567481,0.0,0.0,-0.018,0.0,0.0,-0.01,0.0,0.0,0.0,0.0,0.0,-0.001949,-0.001949,-5.24494e-05,0,0,0.0,0,-0.00021065275359446163,3.0782326022770743
5,195247650,0.0,0.0,-0.018,0.0,0.0,-0.01,0.0,0.0,0.0,0.0,0.0,-0.001949,-0.001949,-5.24494e-05,0,0,0.0,0,-0.00021065275359446163,3.0782326022770743
5,216382026,0.0,0.0,-0.018,0.0,0.0,-0.01,0.0,0.0,0.0,0.0,0.0,-0.001949,-0.001949,-5.24494e-05,0,0,0.0,0,-0.00021065275359446163,3.0782326022770743
5,229538202,0.0,0.0,-0.018,0.0,0.0,-0.01,0.0,0.0,0.0,0.0,0.0,-0.001949,-0.001949,-5.24494e-05,0,0,0.0,0,-0.00021065275359446163,3.0782326022770743
5,245245933,0.0,0.0,-0.018,0.0,0.0,-0.01,0.0,0.0,0.0,0.0,0.0,-0.001949,-0.001949,-5.27147e-05,0,0,0.0,0,-0.00021065275359446163,3.0782326022770743
5,267693519,0.0,0.0,-0.018,0.0,0.0,-0.013,0.0,0.0,0.0,0.0,0.0,-0.001949,-0.001949,-5.27147e-05,0,0,0.0,0,-0.0001992853067350945,3.0785097638752794
5,280511379,0.0,0.0,-0.018,0.0,0.0,-0.013,0.0,0.0,0.0,0.0,0.0,-0.001949,-0.001949,-5.27147e-05,0,0,0.0,0,-0.0001992853067350945,3.0785097638752794
5,297656536,0.0,0.0,-0.018,0.0,0.0,-0.013,0.0,0.0,0.0,0.0,0.0,-0.001949,-0.001949,-5.27147e-05,0,0,0.0,0,-0.0001992853067350945,3.0785097638752794
5,312660694,0.0,0.0,-0.018,0.0,0.0,-0.013,0.0,0.0,0.0,0.0,0.0,-0.001949,-0.001949,-5.27147e-05,0,0,0.0,0,-0.0001992853067350945,3.0785097638752794
5,328501701,0.0,0.0,-0.018,0.0,0.0,-0.013,0.0,0.0,0.0,0.0,0.0,-0.001949,-0.001949,-5.27147e-05,0,0,0.0,0,-0.0001992853067350945,3.0785097638752794
5,345830917,0.0,0.0,-0.018,0.0,0.0,-0.013,0.0,0.0,0.0,0.0,0.0,-0.001949,-0.001949,-5.29238e-05,0,0,0.0,0,-0.0001992853067350945,3.0785097638752794
5,360373973,0.0,0.0,-0.018,0.0,0.0,-0.013,0.0,0.0,0.0,0.0,0.0,-0.001949,-0.001949,-5.29238e-05,0,0,0.0,0,-0.0001992853067350945,3.0785097638752794
5,378980398,0.0,0.0,-0.018,0.0,0.0,-0.013,0.0,0.0,0.0,0.0,0.0,-0.001949,-0.001949,-5.29238e-05,0,0,0.0,0,-0.0001992853067350945,3.0785097638752794
5,396933555,0.0,0.0,-0.018,0.0,0.0,-0.013,0.0,0.0,0.0,0.0,0.0,-0.001949,-0.001949,-5.29238e-05,0,0,0.0,0,-0.0001992853067350945,3.0785097638752794
5,415537118,0.0,0.0,-0.018,0.0,0.0,-0.013,0.0,0.0,0.0,0.0,0.0,-0.001949,-0.001949,-5.29238e-05,0,0,0.0,0,-0.0001992853067350945,3.0785097638752794
5,432510375,0.0,0.0,-0.018,0.0,0.0,-0.013,0.0,0.0,0.0,0.0,0.0,-0.001949,-0.001949,-5.29238e-05,0,0,0.0,0,-0.0001992853067350945,3.0785097638752794
5,444268465,0.0,0.0,-0.018,0.0,0.0,-0.013,0.0,0.0,0.0,0.0,0.0,-0.001949,-0.001949,-5.3131e-05,0,0,0.0,0,-0.0001992853067350945,3.0785097638752794
5,462341785,0.0,0.0,-0.018,0.0,0.0,-0.013,0.0,0.0,0.0,0.0,0.0,-0.001949,-0.001949,-5.3131e-05,0,0,0.0,0,-0.0001992853067350945,3.0785097638752794
5,477399587,0.0,0.0,-0.018,0.0,0.0,-0.013,0.0,0.0,0.0,0.0,0.0,-0.001949,-0.001949,-5.3131e-05,0,0,0.0,0,-0.0001992853067350945,3.0785097638752794
5,495914697,0.0,0.0,-0.018,0.0,0.0,-0.013,0.0,0.0,0.0,0.0,0.0,-0.001949,-0.001949,-5.3131e-05,0,0,0.0,0,-0.0001992853067350945,3.0785097638752794
5,511417150,0.0,0.0,-0.019,0.0,0.0,-0.015,0.0,0.0,0.0,0.0,0.0,-0.001949,-0.001949,-5.3131e-05,0,0,0.0,0,-0.00019364275794954942,3.078842715420995
5,531325340,0.0,0.0,-0.019,0.0,0.0,-0.015,0.0,0.0,0.0,0.0,0.0,-0.001949,-0.001949,-5.3131e-05,0,0,0.0,0,-0.00019364275794954942,3.078842715420995
5,547315359,0.0,0.0,-0.019,0.0,0.0,-0.015,0.0,0.0,0.0,0.0,0.0,-0.001949,-0.001949,-5.3336e-05,0,0,0.0,0,-0.00019364275794954942,3.078842715420995
5,567733764,0.0,0.0,-0.019,0.0,0.0,-0.015,0.0,0.0,0.0,0.0,0.0,-0.001949,-0.001949,-5.3336e-05,0,0,0.0,0,-0.00019364275794954942,3.078842715420995
5,580194711,0.0,0.0,-0.019,0.0,0.0,-0.015,0.0,0.0,0.0,0.0,0.0,-0.001949,-0.001949,-5.3336e-05,0,0,0.0,0,-0.00019364275794954942,3.078842715420995
5,597263097,0.0,0.0,-0.019,0.0,0.0,-0.015,0.0,0.0,0.0,0.0,0.0,-0.001949,-0.001949,-5.3336e-05,0,0,0.0,0,-0.00019364275794954942,3.078842715420995
5,610419273,0.0,0.0,-0.019,0.0,0.0,-0.015,0.0,0.0,0.0,0.0,0.0,-0.001949,-0.001949,-5.3336e-05,0,0,0.0,0,-0.00019364275794954942,3.078842715420995
5,629524946,0.0,0.0,-0.019,0.0,0.0,-0.015,0.0,0.0,0.0,0.0,0.0,-0.001949,-0.001949,-5.3336e-05,0,0,0.0,0,-0.00019364275794954942,3.078842715420995
5,646992444,0.0,0.0,-0.019,0.0,0.0,-0.015,0.0,0.0,0.0,0.0,0.0,-0.001949,-0.001949,-5.36005e-05,0,0,0.0,0,-0.00019364275794954942,3.078842715420995
5,661901235,0.0,0.0,-0.019,0.0,0.0,-0.015,0.0,0.0,0.0,0.0,0.0,-0.001949,-0.001949,-5.36005e-05,0,0,0.0,0,-0.00019364275794954942,3.078842715420995
5,679973840,0.0,0.0,-0.019,0.0,0.0,-0.015,0.0,0.0,0.0,0.0,0.0,-0.001949,-0.001949,-5.36005e-05,0,0,0.0,0,-0.00019364275794954942,3.078842715420995
5,693893194,0.0,0.0,-0.019,0.0,0.0,-0.015,0.0,0.0,0.0,0.0,0.0,-0.001949,-0.001949,-5.36005e-05,0,0,0.0,0,-0.00019364275794954942,3.078842715420995
5,713485479,0.0,0.0,-0.019,0.0,0.0,-0.015,0.0,0.0,0.0,0.0,0.0,-0.001949,-0.001949,-5.36005e-05,0,0,0.0,0,-0.00019364275794954942,3.078842715420995
5,732154369,0.0,0.0,-0.019,0.0,0.0,-0.015,0.0,0.0,0.0,0.0,0.0,-0.001949,-0.001949,-5.36005e-05,0,0,0.0,0,-0.00019364275794954942,3.078842715420995
5,744100332,0.0,0.0,-0.019,0.0,0.0,-0.015,0.0,0.0,0.0,0.0,0.0,-0.001949,-0.001949,-5.36005e-05,0,0,0.0,0,-0.00019364275794954942,3.078842715420995
5,761267185,0.0,0.0,-0.02,0.0,0.0,-0.018,0.0,0.0,0.0,0.0,0.0,-0.001949,-0.001949,-5.38096e-05,0,0,0.0,0,-0.00018581392942009468,3.079168633618627
5,778558492,0.0,0.0,-0.02,0.0,0.0,-0.018,0.0,0.0,0.0,0.0,0.0,-0.001949,-0.001949,-5.38096e-05,0,0,0.0,0,-0.00018581392942009468,3.079168633618627
5,792827129,0.0,0.0,-0.02,0.0,0.0,-0.018,0.0,0.0,0.0,0.0,0.0,-0.001949,-0.001949,-5.38096e-05,0,0,0.0,0,-0.00018581392942009468,3.079168633618627
5,813004970,0.0,0.0,-0.02,0.0,0.0,-0.018,0.0,0.0,0.0,0.0,0.0,-0.001949,-0.001949,-5.38096e-05,0,0,0.0,0,-0.00018581392942009468,3.079168633618627
5,826698303,0.0,0.0,-0.02,0.0,0.0,-0.018,0.0,0.0,0.0,0.0,0.0,-0.001949,-0.001949,-5.38096e-05,0,0,0.0,0,-0.00018581392942009468,3.079168633618627
5,849204778,0.0,0.0,-0.02,0.0,0.0,-0.018,0.0,0.0,0.0,0.0,0.0,-0.001949,-0.001949,-5.38096e-05,0,0,0.0,0,-0.00018581392942009468,3.079168633618627
5,862457275,0.0,0.0,-0.02,0.0,0.0,-0.018,0.0,0.0,0.0,0.0,0.0,-0.001949,-0.001949,-5.40151e-05,0,0,0.0,0,-0.00018581392942009468,3.079168633618627
5,882512331,0.0,0.0,-0.02,0.0,0.0,-0.018,0.0,0.0,0.0,0.0,0.0,-0.001949,-0.001949,-5.40151e-05,0,0,0.0,0,-0.00018581392942009468,3.079168633618627
5,896784543,0.0,0.0,-0.02,0.0,0.0,-0.018,0.0,0.0,0.0,0.0,0.0,-0.001949,-0.001949,-5.40151e-05,0,0,0.0,0,-0.00018581392942009468,3.079168633618627
5,911234855,0.0,0.0,-0.02,0.0,0.0,-0.018,0.0,0.0,0.0,0.0,0.0,-0.001949,-0.001949,-5.40151e-05,0,0,0.0,0,-0.00018581392942009468,3.079168633618627
5,928576469,0.0,0.0,-0.02,0.0,0.0,-0.018,0.0,0.0,0.0,0.0,0.0,-0.001949,-0.001949,-5.40151e-05,0,0,0.0,0,-0.00018581392942009468,3.079168633618627
5,944659233,0.0,0.0,-0.02,0.0,0.0,-0.018,0.0,0.0,0.0,0.0,0.0,-0.001949,-0.001949,-5.40151e-05,0,0,0.0,0,-0.00018581392942009468,3.079168633618627
5,961984395,0.0,0.0,-0.02,0.0,0.0,-0.018,0.0,0.0,0.0,0.0,0.0,-0.001949,-0.001949,-5.42193e-05,0,0,0.0,0,-0.00018581392942009468,3.079168633618627
5,981001138,0.0,0.0,-0.02,0.0,0.0,-0.018,0.0,0.0,0.0,0.0,0.0,-0.001949,-0.001949,-5.42193e-05,0,0,0.0,0,-0.00018581392942009468,3.079168633618627
5,995047330,0.0,0.0,-0.02,0.0,0.0,-0.018,0.0,0.0,0.0,0.0,0.0,-0.001949,-0.001949,-5.42193e-05,0,0,0.0,0,-0.00018581392942009468,3.079168633618627
6,15276908,0.0,0.0,-0.02,0.0,0.0,-0.02,0.0,0.0,0.0,0.0,0.0,-0.001949,-0.001949,-5.42193e-05,0,0,0.0,0,-0.0001792289112928692,3.079565362134252
6,29460906,0.0,0.0,-0.02,0.0,0.0,-0.02,0.0,0.0,0.0,0.0,0.0,-0.001949,-0.001949,-5.42193e-05,0,0,0.0,0,-0.0001792289112928692,3.079565362134252
6,43515920,0.0,0.0,-0.02,0.0,0.0,-0.02,0.0,0.0,0.0,0.0,0.0,-0.001949,-0.001949,-5.42193e-05,0,0,0.0,0,-0.0001792289112928692,3.079565362134252
6,60657501,0.0,0.0,-0.02,0.0,0.0,-0.02,0.0,0.0,0.0,0.0,0.0,-0.001949,-0.001949,-5.44692e-05,0,0,0.0,0,-0.0001792289112928692,3.079565362134252
6,78280210,0.0,0.0,-0.02,0.0,0.0,-0.02,0.0,0.0,0.0,0.0,0.0,-0.001949,-0.001949,-5.44692e-05,0,0,0.0,0,-0.0001792289112928692,3.079565362134252
6,95301628,0.0,0.0,-0.02,0.0,0.0,-0.02,0.0,0.0,0.0,0.0,0.0,-0.001949,-0.001949,-5.44692e-05,0,0,0.0,0,-0.0001792289112928692,3.079565362134252
6,110174655,0.0,0.0,-0.02,0.0,0.0,-0.02,0.0,0.0,0.0,0.0,0.0,-0.001949,-0.001949,-5.44692e-05,0,0,0.0,0,-0.0001792289112928692,3.079565362134252
6,127778053,0.0,0.0,-0.02,0.0,0.0,-0.02,0.0,0.0,0.0,0.0,0.0,-0.001949,-0.001949,-5.44692e-05,0,0,0.0,0,-0.0001792289112928692,3.079565362134252
6,148013830,0.0,0.0,-0.02,0.0,0.0,-0.02,0.0,0.0,0.0,0.0,0.0,-0.001949,-0.001949,-5.44692e-05,0,0,0.0,0,-0.0001792289112928692,3.079565362134252
6,158978462,0.0,0.0,-0.02,0.0,0.0,-0.02,0.0,0.0,0.0,0.0,0.0,-0.001949,-0.001949,-5.46765e-05,0,0,0.0,0,-0.0001792289112928692,3.079565362134252
6,176980972,0.0,0.0,-0.02,0.0,0.0,-0.02,0.0,0.0,0.0,0.0,0.0,-0.001949,-0.001949,-5.46765e-05,0,0,0.0,0,-0.0001792289112928692,3.079565362134252
6,197881937,0.0,0.0,-0.02,0.0,0.0,-0.02,0.0,0.0,0.0,0.0,0.0,-0.001949,-0.001949,-5.46765e-05,0,0,0.0,0,-0.0001792289112928692,3.079565362134252
6,211822271,0.0,0.0,-0.02,0.0,0.0,-0.02,0.0,0.0,0.0,0.0,0.0,-0.001949,-0.001949,-5.46765e-05,0,0,0.0,0,-0.0001792289112928692,3.079565362134252
6,229740858,0.0,0.0,-0.02,0.0,0.0,-0.02,0.0,0.0,0.0,0.0,0.0,-0.001949,-0.001949,-5.46765e-05,0,0,0.0,0,-0.0001792289112928692,3.079565362134252
6,247380256,0.0,0.0,-0.02,0.0,0.0,-0.02,0.0,0.0,0.0,0.0,0.0,-0.001949,-0.001949,-5.46765e-05,0,0,0.0,0,-0.0001792289112928692,3.079565362134252
6,259646415,0.0,0.0,-0.021,0.0,0.0,-0.022,0.0,0.0,0.0,0.0,0.0,-0.001949,-0.001949,-5.48988e-05,0,0,0.0,0,-0.00014815284521331974,3.079931811490331
6,277565479,0.0,0.0,-0.021,0.0,0.0,-0.022,0.0,0.0,0.0,0.0,0.0,-0.001949,-0.001949,-5.48988e-05,0,0,0.0,0,-0.00014815284521331974,3.079931811490331
6,295259237,0.0,0.0,-0.021,0.0,0.0,-0.022,0.0,0.0,0.0,0.0,0.0,-0.001949,-0.001949,-5.48988e-05,0,0,0.0,0,-0.00014815284521331974,3.079931811490331
6,312239170,0.0,0.0,-0.021,0.0,0.0,-0.022,0.0,0.0,0.0,0.0,0.0,-0.001949,-0.001949,-5.48988e-05,0,0,0.0,0,-0.00014815284521331974,3.079931811490331
6,326401948,0.0,0.0,-0.021,0.0,0.0,-0.022,0.0,0.0,0.0,0.0,0.0,-0.001949,-0.001949,-5.48988e-05,0,0,0.0,0,-0.00014815284521331974,3.079931811490331
6,347347736,0.0,0.0,-0.021,0.0,0.0,-0.022,0.0,0.0,0.0,0.0,0.0,-0.001949,-0.001949,-5.48988e-05,0,0,0.0,0,-0.00014815284521331974,3.079931811490331
6,362670421,0.0,0.0,-0.021,0.0,0.0,-0.022,0.0,0.0,0.0,0.0,0.0,-0.001949,-0.001949,-5.51135e-05,0,0,0.0,0,-0.00014815284521331974,3.079931811490331
6,381279468,0.0,0.0,-0.021,0.0,0.0,-0.022,0.0,0.0,0.0,0.0,0.0,-0.001949,-0.001949,-5.51135e-05,0,0,0.0,0,-0.00014815284521331974,3.079931811490331
6,398004055,0.0,0.0,-0.021,0.0,0.0,-0.022,0.0,0.0,0.0,0.0,0.0,-0.001949,-0.001949,-5.51135e-05,0,0,0.0,0,-0.00014815284521331974,3.079931811490331
6,410823106,0.0,0.0,-0.021,0.0,0.0,-0.022,0.0,0.0,0.0,0.0,0.0,-0.001949,-0.001949,-5.51135e-05,0,0,0.0,0,-0.00014815284521331974,3.079931811490331
6,433044195,0.0,0.0,-0.021,0.0,0.0,-0.022,0.0,0.0,0.0,0.0,0.0,-0.001949,-0.001949,-5.51135e-05,0,0,0.0,0,-0.00014815284521331974,3.079931811490331
6,443367242,0.0,0.0,-0.021,0.0,0.0,-0.022,0.0,0.0,0.0,0.0,0.0,-0.001949,-0.001949,-5.51135e-05,0,0,0.0,0,-0.00014815284521331974,3.079931811490331
6,460577964,0.0,0.0,-0.021,0.0,0.0,-0.022,0.0,0.0,0.0,0.0,0.0,-0.001949,-0.001949,-5.53346e-05,0,0,0.0,0,-0.00014815284521331974,3.079931811490331
6,480419158,0.0,0.0,-0.021,0.0,0.0,-0.022,0.0,0.0,0.0,0.0,0.0,-0.001949,-0.001949,-5.53346e-05,0,0,0.0,0,-0.00014815284521331974,3.079931811490331
6,497944355,0.0,0.0,-0.021,0.0,0.0,-0.022,0.0,0.0,0.0,0.0,0.0,-0.001949,-0.001949,-5.53346e-05,0,0,0.0,0,-0.00014815284521331974,3.079931811490331
6,509120464,0.0,0.0,-0.021,0.0,0.0,-0.023,0.0,0.0,0.0,0.0,0.0,-0.001949,-0.001949,-5.53346e-05,0,0,0.0,0,-0.00013493176084024782,3.0803527394917345
6,527131080,0.0,0.0,-0.021,0.0,0.0,-0.023,0.0,0.0,0.0,0.0,0.0,-0.001949,-0.001949,-5.53346e-05,0,0,0.0,0,-0.00013493176084024782,3.0803527394917345
6,547117233,0.0,0.0,-0.021,0.0,0.0,-0.023,0.0,0.0,0.0,0.0,0.0,-0.001949,-0.001949,-5.53346e-05,0,0,0.0,0,-0.00013493176084024782,3.0803527394917345
6,564205884,0.0,0.0,-0.021,0.0,0.0,-0.023,0.0,0.0,0.0,0.0,0.0,-0.001949,-0.001949,-5.55876e-05,0,0,0.0,0,-0.00013493176084024782,3.0803527394917345
6,579850435,0.0,0.0,-0.021,0.0,0.0,-0.023,0.0,0.0,0.0,0.0,0.0,-0.001949,-0.001949,-5.55876e-05,0,0,0.0,0,-0.00013493176084024782,3.0803527394917345
6,600629329,0.0,0.0,-0.021,0.0,0.0,-0.023,0.0,0.0,0.0,0.0,0.0,-0.001949,-0.001949,-5.55876e-05,0,0,0.0,0,-0.00013493176084024782,3.0803527394917345
6,611799001,0.0,0.0,-0.021,0.0,0.0,-0.023,0.0,0.0,0.0,0.0,0.0,-0.001949,-0.001949,-5.55876e-05,0,0,0.0,0,-0.00013493176084024782,3.0803527394917345
6,626438856,0.0,0.0,-0.021,0.0,0.0,-0.023,0.0,0.0,0.0,0.0,0.0,-0.001949,-0.001949,-5.55876e-05,0,0,0.0,0,-0.00013493176084024782,3.0803527394917345
6,649291038,0.0,0.0,-0.021,0.0,0.0,-0.023,0.0,0.0,0.0,0.0,0.0,-0.001949,-0.001949,-5.55876e-05,0,0,0.0,0,-0.00013493176084024782,3.0803527394917345
6,662250518,0.0,0.0,-0.021,0.0,0.0,-0.023,0.0,0.0,0.0,0.0,0.0,-0.001949,-0.001949,-5.57819e-05,0,0,0.0,0,-0.00013493176084024782,3.0803527394917345
6,680773019,0.0,0.0,-0.021,0.0,0.0,-0.023,0.0,0.0,0.0,0.0,0.0,-0.001949,-0.001949,-5.57819e-05,0,0,0.0,0,-0.00013493176084024782,3.0803527394917345
6,692996025,0.0,0.0,-0.021,0.0,0.0,-0.023,0.0,0.0,0.0,0.0,0.0,-0.001949,-0.001949,-5.57819e-05,0,0,0.0,0,-0.00013493176084024782,3.0803527394917345
6,711925268,0.0,0.0,-0.021,0.0,0.0,-0.023,0.0,0.0,0.0,0.0,0.0,-0.001949,-0.001949,-5.57819e-05,0,0,0.0,0,-0.00013493176084024782,3.0803527394917345
6,729466676,0.0,0.0,-0.021,0.0,0.0,-0.023,0.0,0.0,0.0,0.0,0.0,-0.001949,-0.001949,-5.57819e-05,0,0,0.0,0,-0.00013493176084024782,3.0803527394917345
6,749147176,0.0,0.0,-0.021,0.0,0.0,-0.023,0.0,0.0,0.0,0.0,0.0,-0.001949,-0.001949,-5.57819e-05,0,0,0.0,0,-0.00013493176084024782,3.0803527394917345
6,762856483,0.0,0.0,-0.022,0.0,0.0,-0.025,0.0,0.0,0.0,0.0,0.0,-0.001949,-0.001949,-5.59958e-05,0,0,0.0,0,-0.00012936990242464418,3.0807352821019034
6,778076171,0.0,0.0,-0.022,0.0,0.0,-0.025,0.0,0.0,0.0,0.0,0.0,-0.001949,-0.001949,-5.59958e-05,0,0,0.0,0,-0.00012936990242464418,3.0807352821019034
6,797410488,0.0,0.0,-0.022,0.0,0.0,-0.025,0.0,0.0,0.0,0.0,0.0,-0.001949,-0.001949,-5.59958e-05,0,0,0.0,0,-0.00012936990242464418,3.0807352821019034
6,812161445,0.0,0.0,-0.022,0.0,0.0,-0.025,0.0,0.0,0.0,0.0,0.0,-0.001949,-0.001949,-5.59958e-05,0,0,0.0,0,-0.00012936990242464418,3.0807352821019034
6,833077907,0.0,0.0,-0.022,0.0,0.0,-0.025,0.0,0.0,0.0,0.0,0.0,-0.001949,-0.001949,-5.59958e-05,0,0,0.0,0,-0.00012936990242464418,3.0807352821019034
6,845614433,0.0,0.0,-0.022,0.0,0.0,-0.025,0.0,0.0,0.0,0.0,0.0,-0.001949,-0.001949,-5.59958e-05,0,0,0.0,0,-0.00012936990242464418,3.0807352821019034
6,864138603,0.0,0.0,-0.022,0.0,0.0,-0.025,0.0,0.0,0.0,0.0,0.0,-0.001949,-0.001949,-5.6216e-05,0,0,0.0,0,-0.00012936990242464418,3.0807352821019034
6,878650426,0.0,0.0,-0.022,0.0,0.0,-0.025,0.0,0.0,0.0,0.0,0.0,-0.001949,-0.001949,-5.6216e-05,0,0,0.0,0,-0.00012936990242464418,3.0807352821019034
6,893393039,0.0,0.0,-0.022,0.0,0.0,-0.025,0.0,0.0,0.0,0.0,0.0,-0.001949,-0.001949,-5.6216e-05,0,0,0.0,0,-0.00012936990242464418,3.0807352821019034
6,912961959,0.0,0.0,-0.022,0.0,0.0,-0.025,0.0,0.0,0.0,0.0,0.0,-0.001949,-0.001949,-5.6216e-05,0,0,0.0,0,-0.00012936990242464418,3.0807352821019034
6,931379795,0.0,0.0,-0.022,0.0,0.0,-0.025,0.0,0.0,0.0,0.0,0.0,-0.001949,-0.001949,-5.6216e-05,0,0,0.0,0,-0.00012936990242464418,3.0807352821019034
6,947010993,0.0,0.0,-0.022,0.0,0.0,-0.025,0.0,0.0,0.0,0.0,0.0,-0.001949,-0.001949,-5.6216e-05,0,0,0.0,0,-0.00012936990242464418,3.0807352821019034
6,961450576,0.0,0.0,-0.022,0.0,0.0,-0.025,0.0,0.0,0.0,0.0,0.0,-0.001949,-0.001949,-5.64682e-05,0,0,0.0,0,-0.00012936990242464418,3.0807352821019034
6,981660604,0.0,0.0,-0.022,0.0,0.0,-0.025,0.0,0.0,0.0,0.0,0.0,-0.001949,-0.001949,-5.64682e-05,0,0,0.0,0,-0.00012936990242464418,3.0807352821019034
6,993998765,0.0,0.0,-0.022,0.0,0.0,-0.025,0.0,0.0,0.0,0.0,0.0,-0.001949,-0.001949,-5.64682e-05,0,0,0.0,0,-0.00012936990242464418,3.0807352821019034
7,11912345,0.0,0.0,-0.022,0.0,0.0,-0.026,0.0,0.0,0.0,0.0,0.0,-0.001949,-0.001949,-5.64682e-05,0,0,0.0,0,-0.0001130399832619721,3.0811731378224234
7,31944036,0.0,0.0,-0.022,0.0,0.0,-0.026,0.0,0.0,0.0,0.0,0.0,-0.001949,-0.001949,-5.64682e-05,0,0,0.0,0,-0.0001130399832619721,3.0811731378224234
7,43430566,0.0,0.0,-0.022,0.0,0.0,-0.026,0.0,0.0,0.0,0.0,0.0,-0.001949,-0.001949,-5.64682e-05,0,0,0.0,0,-0.0001130399832619721,3.0811731378224234
7,62463760,0.0,0.0,-0.022,0.0,0.0,-0.026,0.0,0.0,0.0,0.0,0.0,-0.001949,-0.001949,-5.66617e-05,0,0,0.0,0,-0.0001130399832619721,3.0811731378224234
7,82962036,0.0,0.0,-0.022,0.0,0.0,-0.026,0.0,0.0,0.0,0.0,0.0,-0.001949,-0.001949,-5.66617e-05,0,0,0.0,0,-0.0001130399832619721,3.0811731378224234
7,97671747,0.0,0.0,-0.022,0.0,0.0,-0.026,0.0,0.0,0.0,0.0,0.0,-0.001949,-0.001949,-5.66617e-05,0,0,0.0,0,-0.0001130399832619721,3.0811731378224234
7,116106986,0.0,0.0,-0.022,0.0,0.0,-0.026,0.0,0.0,0.0,0.0,0.0,-0.001949,-0.001949,-5.66617e-05,0,0,0.0,0,-0.0001130399832619721,3.0811731378224234
7,127585887,0.0,0.0,-0.022,0.0,0.0,-0.026,0.0,0.0,0.0,0.0,0.0,-0.001949,-0.001949,-5.66617e-05,0,0,0.0,0,-0.0001130399832619721,3.0811731378224234
7,145164966,0.0,0.0,-0.022,0.0,0.0,-0.026,0.0,0.0,0.0,0.0,0.0,-0.001949,-0.001949,-5.66617e-05,0,0,0.0,0,-0.0001130399832619721,3.0811731378224234
7,166552543,0.0,0.0,-0.022,0.0,0.0,-0.026,0.0,0.0,0.0,0.0,0.0,-0.001949,-0.001949,-5.68744e-05,0,0,0.0,0,-0.0001130399832619721,3.0811731378224234
7,181324243,0.0,0.0,-0.022,0.0,0.0,-0.026,0.0,0.0,0.0,0.0,0.0,-0.001949,-0.001949,-5.68744e-05,0,0,0.0,0,-0.0001130399832619721,3.0811731378224234
7,196222782,0.0,0.0,-0.022,0.0,0.0,-0.026,0.0,0.0,0.0,0.0,0.0,-0.001949,-0.001949,-5.68744e-05,0,0,0.0,0,-0.0001130399832619721,3.0811731378224234
7,210776805,0.0,0.0,-0.022,0.0,0.0,-0.026,0.0,0.0,0.0,0.0,0.0,-0.001949,-0.001949,-5.68744e-05,0,0,0.0,0,-0.0001130399832619721,3.0811731378224234
7,229201316,0.0,0.0,-0.022,0.0,0.0,-0.026,0.0,0.0,0.0,0.0,0.0,-0.001949,-0.001949,-5.68744e-05,0,0,0.0,0,-0.0001130399832619721,3.0811731378224234
7,244455099,0.0,0.0,-0.022,0.0,0.0,-0.026,0.0,0.0,0.0,0.0,0.0,-0.001949,-0.001949,-5.68744e-05,0,0,0.0,0,-0.0001130399832619721,3.0811731378224234
7,263636827,0.0,0.0,-0.022,0.0,0.0,-0.027,0.0,0.0,0.0,0.0,0.0,-0.001949,-0.001949,-5.68744e-05,0,0,0.0,0,-8.60539075803379e-05,3.0815794030812125
7,279575586,0.0,0.0,-0.022,0.0,0.0,-0.027,0.0,0.0,0.0,0.0,0.0,-0.001949,-0.001949,-5.70942e-05,0,0,0.0,0,-8.60539075803379e-05,3.0815794030812125
7,294891119,0.0,0.0,-0.022,0.0,0.0,-0.027,0.0,0.0,0.0,0.0,0.0,-0.001949,-0.001949,-5.70942e-05,0,0,0.0,0,-8.60539075803379e-05,3.0815794030812125
7,311465501,0.0,0.0,-0.022,0.0,0.0,-0.027,0.0,0.0,0.0,0.0,0.0,-0.001949,-0.001949,-5.70942e-05,0,0,0.0,0,-8.60539075803379e-05,3.0815794030812125
7,330436944,0.0,0.0,-0.022,0.0,0.0,-0.027,0.0,0.0,0.0,0.0,0.0,-0.001949,-0.001949,-5.70942e-05,0,0,0.0,0,-8.60539075803379e-05,3.0815794030812125
7,347083091,0.0,0.0,-0.022,0.0,0.0,-0.027,0.0,0.0,0.0,0.0,0.0,-0.001949,-0.001949,-5.70942e-05,0,0,0.0,0,-8.60539075803379e-05,3.0815794030812125
7,360154390,0.0,0.0,-0.022,0.0,0.0,-0.027,0.0,0.0,0.0,0.0,0.0,-0.001949,-0.001949,-5.70942e-05,0,0,0.0,0,-8.60539075803379e-05,3.0815794030812125
7,380481004,0.0,0.0,-0.022,0.0,0.0,-0.027,0.0,0.0,0.0,0.0,0.0,-0.001949,-0.001949,-5.73215e-05,0,0,0.0,0,-8.60539075803379e-05,3.0815794030812125
7,392961263,0.0,0.0,-0.022,0.0,0.0,-0.027,0.0,0.0,0.0,0.0,0.0,-0.001949,-0.001949,-5.73215e-05,0,0,0.0,0,-8.60539075803379e-05,3.0815794030812125
7,410513639,0.0,0.0,-0.022,0.0,0.0,-0.027,0.0,0.0,0.0,0.0,0.0,-0.001949,-0.001949,-5.73215e-05,0,0,0.0,0,-8.60539075803379e-05,3.0815794030812125
7,428042411,0.0,0.0,-0.022,0.0,0.0,-0.027,0.0,0.0,0.0,0.0,0.0,-0.001949,-0.001949,-5.73215e-05,0,0,0.0,0,-8.60539075803379e-05,3.0815794030812125
7,446531534,0.0,0.0,-0.022,0.0,0.0,-0.027,0.0,0.0,0.0,0.0,0.0,-0.001949,-0.001949,-5.73215e-05,0,0,0.0,0,-8.60539075803379e-05,3.0815794030812125
7,465353250,0.0,0.0,-0.022,0.0,0.0,-0.027,0.0,0.0,0.0,0.0,0.0,-0.001949,-0.001949,-5.73215e-05,0,0,0.0,0,-8.60539075803379e-05,3.0815794030812125
7,479999303,0.0,0.0,-0.022,0.0,0.0,-0.027,0.0,0.0,0.0,0.0,0.0,-0.001949,-0.001949,-5.75584e-05,0,0,0.0,0,-8.60539075803379e-05,3.0815794030812125
7,501209259,0.0,0.0,-0.022,0.0,0.0,-0.027,0.0,0.0,0.0,0.0,0.0,-0.001949,-0.001949,-5.75584e-05,0,0,0.0,0,-8.60539075803379e-05,3.0815794030812125
7,514059782,0.0,0.0,-0.022,0.0,0.0,-0.028,0.0,0.0,0.0,0.0,0.0,-0.001949,-0.001949,-5.75584e-05,0,0,0.0,0,-8.267352677661861e-05,3.082040981450353
7,531090974,0.0,0.0,-0.022,0.0,0.0,-0.028,0.0,0.0,0.0,0.0,0.0,-0.001949,-0.001949,-5.75584e-05,0,0,0.0,0,-8.267352677661861e-05,3.082040981450353
7,548142433,0.0,0.0,-0.022,0.0,0.0,-0.028,0.0,0.0,0.0,0.0,0.0,-0.001949,-0.001949,-5.75584e-05,0,0,0.0,0,-8.267352677661861e-05,3.082040981450353
7,561410188,0.0,0.0,-0.022,0.0,0.0,-0.028,0.0,0.0,0.0,0.0,0.0,-0.001949,-0.001949,-5.75584e-05,0,0,0.0,0,-8.267352677661861e-05,3.082040981450353
7,576151132,0.0,0.0,-0.022,0.0,0.0,-0.028,0.0,0.0,0.0,0.0,0.0,-0.001949,-0.001949,-5.77434e-05,0,0,0.0,0,-8.267352677661861e-05,3.082040981450353
7,597256183,0.0,0.0,-0.022,0.0,0.0,-0.028,0.0,0.0,0.0,0.0,0.0,-0.001949,-0.001949,-5.77434e-05,0,0,0.0,0,-8.267352677661861e-05,3.082040981450353
7,614278316,0.0,0.0,-0.022,0.0,0.0,-0.028,0.0,0.0,0.0,0.0,0.0,-0.001949,-0.001949,-5.77434e-05,0,0,0.0,0,-8.267352677661861e-05,3.082040981450353
7,626218080,0.0,0.0,-0.022,0.0,0.0,-0.028,0.0,0.0,0.0,0.0,0.0,-0.001949,-0.001949,-5.77434e-05,0,0,0.0,0,-8.267352677661861e-05,3.082040981450353
7,647483110,0.0,0.0,-0.022,0.0,0.0,-0.028,0.0,0.0,0.0,0.0,0.0,-0.001949,-0.001949,-5.77434e-05,0,0,0.0,0,-8.267352677661861e-05,3.082040981450353
7,664552450,0.0,0.0,-0.022,0.0,0.0,-0.028,0.0,0.0,0.0,0.0,0.0,-0.001949,-0.001949,-5.77434e-05,0,0,0.0,0,-8.267352677661861e-05,3.082040981450353
7,676490306,0.0,0.0,-0.022,0.0,0.0,-0.028,0.0,0.0,0.0,0.0,0.0,-0.001949,-0.001949,-5.79806e-05,0,0,0.0,0,-8.267352677661861e-05,3.082040981450353
7,696073532,0.0,0.0,-0.022,0.0,0.0,-0.028,0.0,0.0,0.0,0.0,0.0,-0.001949,-0.001949,-5.79806e-05,0,0,0.0,0,-8.267352677661861e-05,3.082040981450353
7,714344024,0.0,0.0,-0.022,0.0,0.0,-0.028,0.0,0.0,0.0,0.0,0.0,-0.001949,-0.001949,-5.79806e-05,0,0,0.0,0,-8.267352677661861e-05,3.082040981450353
7,731143236,0.0,0.0,-0.022,0.0,0.0,-0.028,0.0,0.0,0.0,0.0,0.0,-0.001949,-0.001949,-5.79806e-05,0,0,0.0,0,-8.267352677661861e-05,3.082040981450353
7,743800401,0.0,0.0,-0.022,0.0,0.0,-0.028,0.0,0.0,0.0,0.0,0.0,-0.001949,-0.001949,-5.79806e-05,0,0,0.0,0,-8.267352677661861e-05,3.082040981450353
7,764031887,0.0,0.0,-0.022,0.0,0.0,-0.029,0.0,0.0,0.0,0.0,0.0,-0.001949,-0.001949,-5.79806e-05,0,0,0.0,0,-7.594180351601843e-05,3.08248229424027
7,776256561,0.0,0.0,-0.023,0.0,0.0,-0.029,0.0,0.0,0.0,0.0,0.0,-0.001949,-0.001949,-5.8216e-05,0,0,0.0,0,-7.594180351601843e-05,3.08248229424027
7,799734115,0.0,0.0,-0.023,0.0,0.0,-0.029,0.0,0.0,0.0,0.0,0.0,-0.001949,-0.001949,-5.8216e-05,0,0,0.0,0,-7.594180351601843e-05,3.08248229424027
7,810697555,0.0,0.0,-0.023,0.0,0.0,-0.029,0.0,0.0,0.0,0.0,0.0,-0.001949,-0.001949,-5.8216e-05,0,0,0.0,0,-7.594180351601843e-05,3.08248229424027
7,827644109,0.0,0.0,-0.023,0.0,0.0,-0.029,0.0,0.0,0.0,0.0,0.0,-0.001949,-0.001949,-5.8216e-05,0,0,0.0,0,-7.594180351601843e-05,3.08248229424027
7,844896793,0.0,0.0,-0.023,0.0,0.0,-0.029,0.0,0.0,0.0,0.0,0.0,-0.001949,-0.001949,-5.8216e-05,0,0,0.0,0,-7.594180351601843e-05,3.08248229424027
7,863131761,0.0,0.0,-0.023,0.0,0.0,-0.029,0.0,0.0,0.0,0.0,0.0,-0.001949,-0.001949,-5.8216e-05,0,0,0.0,0,-7.594180351601843e-05,3.08248229424027
7,878559589,0.0,0.0,-0.023,0.0,0.0,-0.029,0.0,0.0,0.0,0.0,0.0,-0.001949,-0.001949,-5.84372e-05,0,0,0.0,0,-7.594180351601843e-05,3.08248229424027
7,897293806,0.0,0.0,-0.023,0.0,0.0,-0.029,0.0,0.0,0.0,0.0,0.0,-0.001949,-0.001949,-5.84372e-05,0,0,0.0,0,-7.594180351601843e-05,3.08248229424027
7,910722494,0.0,0.0,-0.023,0.0,0.0,-0.029,0.0,0.0,0.0,0.0,0.0,-0.001949,-0.001949,-5.84372e-05,0,0,0.0,0,-7.594180351601843e-05,3.08248229424027
7,929694175,0.0,0.0,-0.023,0.0,0.0,-0.029,0.0,0.0,0.0,0.0,0.0,-0.001949,-0.001949,-5.84372e-05,0,0,0.0,0,-7.594180351601843e-05,3.08248229424027
7,949041604,0.0,0.0,-0.023,0.0,0.0,-0.029,0.0,0.0,0.0,0.0,0.0,-0.001949,-0.001949,-5.84372e-05,0,0,0.0,0,-7.594180351601843e-05,3.08248229424027
7,960447311,0.0,0.0,-0.023,0.0,0.0,-0.029,0.0,0.0,0.0,0.0,0.0,-0.001949,-0.001949,-5.84372e-05,0,0,0.0,0,-7.594180351601843e-05,3.08248229424027
7,978555917,0.0,0.0,-0.023,0.0,0.0,-0.029,0.0,0.0,0.0,0.0,0.0,-0.001949,-0.001949,-5.86212e-05,0,0,0.0,0,-7.594180351601843e-05,3.08248229424027
7,997202873,0.0,0.0,-0.023,0.0,0.0,-0.029,0.0,0.0,0.0,0.0,0.0,-0.001949,-0.001949,-5.86212e-05,0,0,0.0,0,-7.594180351601843e-05,3.08248229424027
8,12432813,0.0,0.0,-0.023,0.0,0.0,-0.03,0.0,0.0,0.0,0.0,0.0,-0.001949,-0.001949,-5.86212e-05,0,0,0.0,0,-6.498295988434845e-05,3.082925752797399
8,30806779,0.0,0.0,-0.023,0.0,0.0,-0.03,0.0,0.0,0.0,0.0,0.0,-0.001949,-0.001949,-5.86212e-05,0,0,0.0,0,-6.498295988434845e-05,3.082925752797399
8,43960332,0.0,0.0,-0.023,0.0,0.0,-0.03,0.0,0.0,0.0,0.0,0.0,-0.001949,-0.001949,-5.86212e-05,0,0,0.0,0,-6.498295988434845e-05,3.082925752797399
8,62189340,0.0,0.0,-0.023,0.0,0.0,-0.03,0.0,0.0,0.0,0.0,0.0,-0.001949,-0.001949,-5.86212e-05,0,0,0.0,0,-6.498295988434845e-05,3.082925752797399
8,79710721,0.0,0.0,-0.023,0.0,0.0,-0.03,0.0,0.0,0.0,0.0,0.0,-0.001949,-0.001949,-5.88577e-05,0,0,0.0,0,-6.498295988434845e-05,3.082925752797399
8,98228693,0.0,0.0,-0.023,0.0,0.0,-0.03,0.0,0.0,0.0,0.0,0.0,-0.001949,-0.001949,-5.88577e-05,0,0,0.0,0,-6.498295988434845e-05,3.082925752797399
8,112600326,0.0,0.0,-0.023,0.0,0.0,-0.03,0.0,0.0,0.0,0.0,0.0,-0.001949,-0.001949,-5.88577e-05,0,0,0.0,0,-6.498295988434845e-05,3.082925752797399
8,131380558,0.0,0.0,-0.023,0.0,0.0,-0.03,0.0,0.0,0.0,0.0,0.0,-0.001949,-0.001949,-5.88577e-05,0,0,0.0,0,-6.498295988434845e-05,3.082925752797399
8,145011663,0.0,0.0,-0.023,0.0,0.0,-0.03,0.0,0.0,0.0,0.0,0.0,-0.001949,-0.001949,-5.88577e-05,0,0,0.0,0,-6.498295988434845e-05,3.082925752797399
8,163937091,0.0,0.0,-0.023,0.0,0.0,-0.03,0.0,0.0,0.0,0.0,0.0,-0.001949,-0.001949,-5.88577e-05,0,0,0.0,0,-6.498295988434845e-05,3.082925752797399
8,178850650,0.0,0.0,-0.023,0.0,0.0,-0.03,0.0,0.0,0.0,0.0,0.0,-0.001949,-0.001949,-5.90923e-05,0,0,0.0,0,-6.498295988434845e-05,3.082925752797399
8,198609113,0.0,0.0,-0.023,0.0,0.0,-0.03,0.0,0.0,0.0,0.0,0.0,-0.001949,-0.001949,-5.90923e-05,0,0,0.0,0,-6.498295988434845e-05,3.082925752797399
8,212802410,0.0,0.0,-0.023,0.0,0.0,-0.03,0.0,0.0,0.0,0.0,0.0,-0.001949,-0.001949,-5.90923e-05,0,0,0.0,0,-6.498295988434845e-05,3.082925752797399
8,234387636,0.0,0.0,-0.023,0.0,0.0,-0.03,0.0,0.0,0.0,0.0,0.0,-0.001949,-0.001949,-5.90923e-05,0,0,0.0,0,-6.498295988434845e-05,3.082925752797399
8,244683504,0.0,0.0,-0.023,0.0,0.0,-0.03,0.0,0.0,0.0,0.0,0.0,-0.001949,-0.001949,-5.90923e-05,0,0,0.0,0,-6.498295988434845e-05,3.082925752797399
8,260686635,0.0,0.0,-0.023,0.0,0.0,-0.031,0.0,0.0,0.0,0.0,0.0,-0.001949,-0.001949,-5.90923e-05,0,0,0.0,0,-5.8889781939926706e-05,3.0833563367512564
8,279620647,0.0,0.0,-0.023,0.0,0.0,-0.031,0.0,0.0,0.0,0.0,0.0,-0.001949,-0.001949,-5.93166e-05,0,0,0.0,0,-5.8889781939926706e-05,3.0833563367512564
8,293849706,0.0,0.0,-0.023,0.0,0.0,-0.031,0.0,0.0,0.0,0.0,0.0,-0.001949,-0.001949,-5.93166e-05,0,0,0.0,0,-5.8889781939926706e-05,3.0833563367512564
8,311654567,0.0,0.0,-0.023,0.0,0.0,-0.031,0.0,0.0,0.0,0.0,0.0,-0.001949,-0.001949,-5.93166e-05,0,0,0.0,0,-5.8889781939926706e-05,3.0833563367512564
8,328282594,0.0,0.0,-0.023,0.0,0.0,-0.031,0.0,0.0,0.0,0.0,0.0,-0.001949,-0.001949,-5.93166e-05,0,0,0.0,0,-5.8889781939926706e-05,3.0833563367512564
8,348017930,0.0,0.0,-0.023,0.0,0.0,-0.031,0.0,0.0,0.0,0.0,0.0,-0.001949,-0.001949,-5.93166e-05,0,0,0.0,0,-5.8889781939926706e-05,3.0833563367512564
8,358797311,0.0,0.0,-0.023,0.0,0.0,-0.031,0.0,0.0,0.0,0.0,0.0,-0.001949,-0.001949,-5.93166e-05,0,0,0.0,0,-5.8889781939926706e-05,3.0833563367512564
8,379824399,0.0,0.0,-0.023,0.0,0.0,-0.031,0.0,0.0,0.0,0.0,0.0,-0.001949,-0.001949,-5.94958e-05,0,0,0.0,0,-5.8889781939926706e-05,3.0833563367512564
8,393894910,0.0,0.0,-0.023,0.0,0.0,-0.031,0.0,0.0,0.0,0.0,0.0,-0.001949,-0.001949,-5.94958e-05,0,0,0.0,0,-5.8889781939926706e-05,3.0833563367512564
8,410945653,0.0,0.0,-0.023,0.0,0.0,-0.031,0.0,0.0,0.0,0.0,0.0,-0.001949,-0.001949,-5.94958e-05,0,0,0.0,0,-5.8889781939926706e-05,3.0833563367512564
8,432103633,0.0,0.0,-0.023,0.0,0.0,-0.031,0.0,0.0,0.0,0.0,0.0,-0.001949,-0.001949,-5.94958e-05,0,0,0.0,0,-5.8889781939926706e-05,3.0833563367512564
8,445849418,0.0,0.0,-0.023,0.0,0.0,-0.031,0.0,0.0,0.0,0.0,0.0,-0.001949,-0.001949,-5.94958e-05,0,0,0.0,0,-5.8889781939926706e-05,3.0833563367512564
8,466468572,0.0,0.0,-0.023,0.0,0.0,-0.031,0.0,0.0,0.0,0.0,0.0,-0.001949,-0.001949,-5.94958e-05,0,0,0.0,0,-5.8889781939926706e-05,3.0833563367512564
8,481877326,0.0,0.0,-0.023,0.0,0.0,-0.031,0.0,0.0,0.0,0.0,0.0,-0.001949,-0.001949,-5.97315e-05,0,0,0.0,0,-5.8889781939926706e-05,3.0833563367512564
8,498502254,0.0,0.0,-0.023,0.0,0.0,-0.031,0.0,0.0,0.0,0.0,0.0,-0.001949,-0.001949,-5.97315e-05,0,0,0.0,0,-5.8889781939926706e-05,3.0833563367512564
8,510939121,0.0,0.0,-0.023,0.0,0.0,-0.031,0.0,0.0,0.0,0.0,0.0,-0.001949,-0.001949,-5.97315e-05,0,0,0.0,0,-2.5519297196426456e-05,3.083826378979955
8,529323339,0.0,0.0,-0.023,0.0,0.0,-0.031,0.0,0.0,0.0,0.0,0.0,-0.001949,-0.001949,-5.97315e-05,0,0,0.0,0,-2.5519297196426456e-05,3.083826378979955
8,546248912,0.0,0.0,-0.023,0.0,0.0,-0.031,0.0,0.0,0.0,0.0,0.0,-0.001949,-0.001949,-5.97315e-05,0,0,0.0,0,-2.5519297196426456e-05,3.083826378979955
8,563179731,0.0,0.0,-0.023,0.0,0.0,-0.031,0.0,0.0,0.0,0.0,0.0,-0.001949,-0.001949,-5.97315e-05,0,0,0.0,0,-2.5519297196426456e-05,3.083826378979955
8,581191778,0.0,0.0,-0.023,0.0,0.0,-0.031,0.0,0.0,0.0,0.0,0.0,-0.001949,-0.001949,-5.99433e-05,0,0,0.0,0,-2.5519297196426456e-05,3.083826378979955
8,595865249,0.0,0.0,-0.023,0.0,0.0,-0.031,0.0,0.0,0.0,0.0,0.0,-0.001949,-0.001949,-5.99433e-05,0,0,0.0,0,-2.5519297196426456e-05,3.083826378979955
8,613641738,0.0,0.0,-0.023,0.0,0.0,-0.031,0.0,0.0,0.0,0.0,0.0,-0.001949,-0.001949,-5.99433e-05,0,0,0.0,0,-2.5519297196426456e-05,3.083826378979955
8,626261472,0.0,0.0,-0.023,0.0,0.0,-0.031,0.0,0.0,0.0,0.0,0.0,-0.001949,-0.001949,-5.99433e-05,0,0,0.0,0,-2.5519297196426456e-05,3.083826378979955
8,646931171,0.0,0.0,-0.023,0.0,0.0,-0.031,0.0,0.0,0.0,0.0,0.0,-0.001949,-0.001949,-5.99433e-05,0,0,0.0,0,-2.5519297196426456e-05,3.083826378979955
8,659559249,0.0,0.0,-0.023,0.0,0.0,-0.031,0.0,0.0,0.0,0.0,0.0,-0.001949,-0.001949,-5.99433e-05,0,0,0.0,0,-2.5519297196426456e-05,3.083826378979955
8,693810224,0.0,0.0,-0.023,0.0,0.0,-0.031,0.0,0.0,0.0,0.0,0.0,-0.001949,-0.001949,-6.01535e-05,0,0,0.0,0,-2.5519297196426456e-05,3.083826378979955
8,702094078,0.0,0.0,-0.023,0.0,0.0,-0.031,0.0,0.0,0.0,0.0,0.0,-0.001949,-0.001949,-6.01535e-05,0,0,0.0,0,-2.5519297196426456e-05,3.083826378979955
8,714488983,0.0,0.0,-0.023,0.0,0.0,-0.031,0.0,0.0,0.0,0.0,0.0,-0.001949,-0.001949,-6.01535e-05,0,0,0.0,0,-2.5519297196426456e-05,3.083826378979955
8,739881992,0.0,0.0,-0.023,0.0,0.0,-0.031,0.0,0.0,0.0,0.0,0.0,-0.001949,-0.001949,-6.01535e-05,0,0,0.0,0,-2.5519297196426456e-05,3.083826378979955
8,765578269,0.0,0.0,-0.023,0.0,0.0,-0.031,0.0,0.0,0.0,0.0,0.0,-0.001949,-0.001949,-6.01535e-05,0,0,0.0,0,-2.5519297196426456e-05,3.083826378979955
8,800594329,0.0,0.0,-0.023,0.0,0.0,-0.032,0.0,0.0,0.0,0.0,0.0,-0.001949,-0.001949,-6.01535e-05,0,0,0.0,0,-1.696523941076736e-05,3.084078268208776
8,824027061,0.0,0.0,-0.023,0.0,0.0,-0.032,0.0,0.0,0.0,0.0,0.0,-0.001949,-0.001949,-6.04149e-05,0,0,0.0,0,-1.696523941076736e-05,3.084078268208776
8,829947710,0.0,0.0,-0.023,0.0,0.0,-0.032,0.0,0.0,0.0,0.0,0.0,-0.001949,-0.001949,-6.04149e-05,0,0,0.0,0,-1.696523941076736e-05,3.084078268208776
8,838754653,0.0,0.0,-0.023,0.0,0.0,-0.032,0.0,0.0,0.0,0.0,0.0,-0.001949,-0.001949,-6.04149e-05,0,0,0.0,0,-1.696523941076736e-05,3.084078268208776
8,846671819,0.0,0.0,-0.023,0.0,0.0,-0.032,0.0,0.0,0.0,0.0,0.0,-0.001949,-0.001949,-6.04149e-05,0,0,0.0,0,-1.696523941076736e-05,3.084078268208776
8,854173183,0.0,0.0,-0.023,0.0,0.0,-0.032,0.0,0.0,0.0,0.0,0.0,-0.001949,-0.001949,-6.04149e-05,0,0,0.0,0,-1.696523941076736e-05,3.084078268208776
8,863750934,0.0,0.0,-0.023,0.0,0.0,-0.032,0.0,0.0,0.0,0.0,0.0,-0.001949,-0.001949,-6.04149e-05,0,0,0.0,0,-1.696523941076736e-05,3.084078268208776
8,879278898,0.0,0.0,-0.023,0.0,0.0,-0.032,0.0,0.0,0.0,0.0,0.0,-0.001949,-0.001949,-6.06209e-05,0,0,0.0,0,-1.696523941076736e-05,3.084078268208776
8,897962570,0.0,0.0,-0.023,0.0,0.0,-0.032,0.0,0.0,0.0,0.0,0.0,-0.001949,-0.001949,-6.06209e-05,0,0,0.0,0,-1.696523941076736e-05,3.084078268208776
8,913284778,0.0,0.0,-0.023,0.0,0.0,-0.032,0.0,0.0,0.0,0.0,0.0,-0.001949,-0.001949,-6.06209e-05,0,0,0.0,0,-1.696523941076736e-05,3.084078268208776
8,928712368,0.0,0.0,-0.023,0.0,0.0,-0.032,0.0,0.0,0.0,0.0,0.0,-0.001949,-0.001949,-6.06209e-05,0,0,0.0,0,-1.696523941076736e-05,3.084078268208776
8,947903633,0.0,0.0,-0.023,0.0,0.0,-0.032,0.0,0.0,0.0,0.0,0.0,-0.001949,-0.001949,-6.06209e-05,0,0,0.0,0,-1.696523941076736e-05,3.084078268208776
8,962209224,0.0,0.0,-0.023,0.0,0.0,-0.032,0.0,0.0,0.0,0.0,0.0,-0.001949,-0.001949,-6.06209e-05,0,0,0.0,0,-1.696523941076736e-05,3.084078268208776
8,979534149,0.0,0.0,-0.023,0.0,0.0,-0.032,0.0,0.0,0.0,0.0,0.0,-0.001949,-0.001949,-6.06209e-05,0,0,0.0,0,-1.696523941076736e-05,3.084078268208776
8,997160434,0.0,0.0,-0.023,0.0,0.0,-0.032,0.0,0.0,0.0,0.0,0.0,-0.001949,-0.001949,-6.08182e-05,0,0,0.0,0,-1.696523941076736e-05,3.084078268208776
9,16368389,0.0,0.0,-0.023,0.0,0.0,-0.032,0.0,0.0,0.0,0.0,0.0,-0.001949,-0.001949,-6.08182e-05,0,0,0.0,0,-1.3373131878454165e-05,3.0845876495030264
9,28803825,0.0,0.0,-0.023,0.0,0.0,-0.032,0.0,0.0,0.0,0.0,0.0,-0.001949,-0.001949,-6.08182e-05,0,0,0.0,0,-1.3373131878454165e-05,3.0845876495030264
9,47760725,0.0,0.0,-0.023,0.0,0.0,-0.032,0.0,0.0,0.0,0.0,0.0,-0.001949,-0.001949,-6.08182e-05,0,0,0.0,0,-1.3373131878454165e-05,3.0845876495030264
9,64515590,0.0,0.0,-0.023,0.0,0.0,-0.032,0.0,0.0,0.0,0.0,0.0,-0.001949,-0.001949,-6.08182e-05,0,0,0.0,0,-1.3373131878454165e-05,3.0845876495030264
9,76440334,0.0,0.0,-0.023,0.0,0.0,-0.032,0.0,0.0,0.0,0.0,0.0,-0.001949,-0.001949,-6.08182e-05,0,0,0.0,0,-1.3373131878454165e-05,3.0845876495030264
9,95312833,0.0,0.0,-0.023,0.0,0.0,-0.032,0.0,0.0,0.0,0.0,0.0,-0.001949,-0.001949,-6.1027e-05,0,0,0.0,0,-1.3373131878454165e-05,3.0845876495030264
9,114757061,0.0,0.0,-0.023,0.0,0.0,-0.032,0.0,0.0,0.0,0.0,0.0,-0.001949,-0.001949,-6.1027e-05,0,0,0.0,0,-1.3373131878454165e-05,3.0845876495030264
9,126081705,0.0,0.0,-0.023,0.0,0.0,-0.032,0.0,0.0,0.0,0.0,0.0,-0.001949,-0.001949,-6.1027e-05,0,0,0.0,0,-1.3373131878454165e-05,3.0845876495030264
9,143491268,0.0,0.0,-0.023,0.0,0.0,-0.032,0.0,0.0,0.0,0.0,0.0,-0.001949,-0.001949,-6.1027e-05,0,0,0.0,0,-1.3373131878454165e-05,3.0845876495030264
9,162827253,0.0,0.0,-0.023,0.0,0.0,-0.032,0.0,0.0,0.0,0.0,0.0,-0.001949,-0.001949,-6.1027e-05,0,0,0.0,0,-1.3373131878454165e-05,3.0845876495030264
9,180371046,0.0,0.0,-0.023,0.0,0.0,-0.032,0.0,0.0,0.0,0.0,0.0,-0.001949,-0.001949,-6.1027e-05,0,0,0.0,0,-1.3373131878454165e-05,3.0845876495030264
9,196151494,0.0,0.0,-0.023,0.0,0.0,-0.032,0.0,0.0,0.0,0.0,0.0,-0.001949,-0.001949,-6.12885e-05,0,0,0.0,0,-1.3373131878454165e-05,3.0845876495030264
9,217154264,0.0,0.0,-0.023,0.0,0.0,-0.032,0.0,0.0,0.0,0.0,0.0,-0.001949,-0.001949,-6.12885e-05,0,0,0.0,0,-1.3373131878454165e-05,3.0845876495030264
9,229357242,0.0,0.0,-0.023,0.0,0.0,-0.032,0.0,0.0,0.0,0.0,0.0,-0.001949,-0.001949,-6.12885e-05,0,0,0.0,0,-1.3373131878454165e-05,3.0845876495030264
9,243973970,0.0,0.0,-0.023,0.0,0.0,-0.032,0.0,0.0,0.0,0.0,0.0,-0.001949,-0.001949,-6.12885e-05,0,0,0.0,0,-1.3373131878454165e-05,3.0845876495030264
